-- MySQL dump 10.13  Distrib 5.1.66, for unknown-linux-gnu (x86_64)
--
-- Host: localhost    Database: fundaci3_araucos
-- ------------------------------------------------------
-- Server version	5.1.66-cll

/*!40101 SET @OLD_CHARACTER_SET_CLIENT=@@CHARACTER_SET_CLIENT */;
/*!40101 SET @OLD_CHARACTER_SET_RESULTS=@@CHARACTER_SET_RESULTS */;
/*!40101 SET @OLD_COLLATION_CONNECTION=@@COLLATION_CONNECTION */;
/*!40101 SET NAMES utf8 */;
/*!40103 SET @OLD_TIME_ZONE=@@TIME_ZONE */;
/*!40103 SET TIME_ZONE='+00:00' */;
/*!40014 SET @OLD_UNIQUE_CHECKS=@@UNIQUE_CHECKS, UNIQUE_CHECKS=0 */;
/*!40014 SET @OLD_FOREIGN_KEY_CHECKS=@@FOREIGN_KEY_CHECKS, FOREIGN_KEY_CHECKS=0 */;
/*!40101 SET @OLD_SQL_MODE=@@SQL_MODE, SQL_MODE='NO_AUTO_VALUE_ON_ZERO' */;
/*!40111 SET @OLD_SQL_NOTES=@@SQL_NOTES, SQL_NOTES=0 */;

--
-- Table structure for table `conceptos`
--

DROP TABLE IF EXISTS `conceptos`;
/*!40101 SET @saved_cs_client     = @@character_set_client */;
/*!40101 SET character_set_client = utf8 */;
CREATE TABLE `conceptos` (
  `id` smallint(6) NOT NULL AUTO_INCREMENT,
  `nombre` varchar(255) NOT NULL,
  PRIMARY KEY (`id`),
  UNIQUE KEY `nombre` (`nombre`)
) ENGINE=MyISAM AUTO_INCREMENT=8 DEFAULT CHARSET=latin1;
/*!40101 SET character_set_client = @saved_cs_client */;

--
-- Dumping data for table `conceptos`
--

LOCK TABLES `conceptos` WRITE;
/*!40000 ALTER TABLE `conceptos` DISABLE KEYS */;
INSERT INTO `conceptos` (`id`, `nombre`) VALUES (1,'CAPITAL'),(2,'INTERESES'),(3,'MORA'),(4,'I.DIFERIDOS'),(5,'SEG.VIDA'),(6,'INCENDIO'),(7,'S.TERREMOTO');
/*!40000 ALTER TABLE `conceptos` ENABLE KEYS */;
UNLOCK TABLES;

--
-- Table structure for table `estados`
--

DROP TABLE IF EXISTS `estados`;
/*!40101 SET @saved_cs_client     = @@character_set_client */;
/*!40101 SET character_set_client = utf8 */;
CREATE TABLE `estados` (
  `id` bigint(20) unsigned NOT NULL AUTO_INCREMENT,
  `usuario` varchar(20) NOT NULL,
  `concepto` smallint(6) NOT NULL,
  `vencido` varchar(255) NOT NULL DEFAULT '0',
  `novencido` varchar(255) NOT NULL DEFAULT '0',
  PRIMARY KEY (`id`),
  KEY `cfe_usuario` (`usuario`),
  KEY `cfe_concepto` (`concepto`)
) ENGINE=MyISAM AUTO_INCREMENT=317 DEFAULT CHARSET=latin1;
/*!40101 SET character_set_client = @saved_cs_client */;

--
-- Dumping data for table `estados`
--

LOCK TABLES `estados` WRITE;
/*!40000 ALTER TABLE `estados` DISABLE KEYS */;
INSERT INTO `estados` (`id`, `usuario`, `concepto`, `vencido`, `novencido`) VALUES (1,'17584878',1,'0','1889869\r\n'),(2,'17589588',1,'309767','0\r\n'),(3,'17589588',3,'3640','0\r\n'),(4,'17547145',1,'0','1350063\r\n'),(5,'17595103',1,'565359','7346513\r\n'),(6,'17595103',2,'76042','0\r\n'),(7,'17595103',3,'3077','0\r\n'),(8,'91420826',1,'271899','1961197\r\n'),(9,'85433786',1,'836650','3343551\r\n'),(10,'85433786',2,'55448','0\r\n'),(11,'85433786',3,'8803','0\r\n'),(12,'17582721',1,'747998','3190870\r\n'),(13,'17582721',2,'128861','0\r\n'),(14,'17582721',3,'17751','0\r\n'),(15,'17582721',5,'23633','0\r\n'),(16,'17583392',1,'580536','9590856\r\n'),(17,'17583392',2,'251680','0\r\n'),(18,'17583392',3,'8366','0\r\n'),(19,'17584665',1,'0','3781561\r\n'),(20,'17584665',2,'132355','0\r\n'),(21,'17591719',1,'1364162','7951904\r\n'),(22,'17591719',2,'344736','0\r\n'),(23,'17591719',3,'38071','0\r\n'),(24,'5492744',1,'0','8608321\r\n'),(25,'19425855',1,'0','1592016\r\n'),(26,'17588473',1,'1977330','10627534\r\n'),(27,'17588473',2,'221257','0\r\n'),(28,'17588473',3,'30184','0\r\n'),(29,'17592788',1,'0','13930747\r\n'),(30,'91320664',1,'920','2532867\r\n'),(31,'91426521',1,'288467','2693330\r\n'),(32,'17590353',1,'603173','2065818\r\n'),(33,'17590353',2,'22793','0\r\n'),(34,'17590353',3,'5883','0\r\n'),(35,'17589338',1,'674602','7605988\r\n'),(36,'17526688',1,'1642','4954639\r\n'),(37,'5626147',1,'0','2009285\r\n'),(38,'17589362',1,'0','10578416\r\n'),(39,'17593334',1,'94925','15789727\r\n'),(40,'91228332',1,'0','2540814\r\n'),(41,'17580886',1,'0','12921708\r\n'),(42,'17591517',1,'0','2211039\r\n'),(43,'17591680',1,'0','3867090\r\n'),(44,'17590395',1,'0','2484503\r\n'),(45,'17584150',1,'1211640','2548166\r\n'),(46,'17584150',2,'32041','0\r\n'),(47,'17584150',3,'1578','0\r\n'),(48,'17584150',5,'25775','0\r\n'),(49,'1116775123',1,'172386','5333530\r\n'),(50,'17592087',1,'90383','2689576\r\n'),(51,'17592087',2,'10656','0\r\n'),(52,'17596694',1,'0','16684293\r\n'),(53,'17589080',1,'80686','1408761\r\n'),(54,'91274512',1,'83944','10949625\r\n'),(55,'13476280',1,'0','19425740\r\n'),(56,'17586079',1,'0','3162650\r\n'),(57,'17583941',1,'0','9334460\r\n'),(58,'13882304',1,'0','6524365\r\n'),(59,'91436193',1,'0','17556390\r\n'),(60,'17546231',1,'0','2543044\r\n'),(61,'17587036',1,'163393','7336681\r\n'),(62,'17587036',2,'87464','0\r\n'),(63,'17587036',4,'10363','0\r\n'),(64,'17587036',5,'45000','0\r\n'),(65,'5727066',1,'0','12010962\r\n'),(66,'79275963',1,'182676','6560000\r\n'),(67,'88173684',1,'0','4788437\r\n'),(68,'88173042',1,'0','7572618\r\n'),(69,'17582774',1,'674908','2231471\r\n'),(70,'17333463',1,'0','14731025\r\n'),(71,'7361647',1,'524053','2435204\r\n'),(72,'7361647',2,'31401','0\r\n'),(73,'7361647',3,'2716','0\r\n'),(74,'17588887',1,'252033','12618994\r\n'),(75,'17588887',2,'128464','0\r\n'),(76,'17588887',3,'369','0\r\n'),(77,'68285253',1,'0','16147788\r\n'),(78,'68292154',1,'0','2677541\r\n'),(79,'23741677',1,'1712579','3793071\r\n'),(80,'23741677',2,'170547','0\r\n'),(81,'23741677',5,'33034','0\r\n'),(82,'17588292',1,'0','13153709\r\n'),(83,'18969337',1,'0','3207852\r\n'),(84,'18969337',2,'12832','0\r\n'),(85,'18969337',4,'15973','0\r\n'),(86,'17587298',1,'175232','4373322\r\n'),(87,'10556050',1,'0','12459242\r\n'),(88,'91001390',1,'0','7782016\r\n'),(89,'1116774514',1,'0','14705673\r\n'),(90,'17593533',1,'0','19063686\r\n'),(91,'37240637',1,'369146','17839084\r\n'),(92,'37240637',2,'77025','0\r\n'),(93,'13642692',1,'0','2645161\r\n'),(94,'17545897',1,'182','13152656\r\n'),(95,'8631073',1,'109194','1494460\r\n'),(96,'17584061',1,'769291','13651223\r\n'),(97,'17584061',2,'217780','0\r\n'),(98,'17584061',3,'1148','0\r\n'),(99,'60331318',1,'0','5033153\r\n'),(100,'13444454',1,'0','14872131\r\n'),(101,'17585059',1,'0','4862914\r\n'),(102,'17584112',1,'899509','7085001\r\n'),(103,'17584112',2,'147506','0\r\n'),(104,'17584112',3,'15711','0\r\n'),(105,'96166793',1,'0','10626474\r\n'),(106,'17587541',1,'1569145','0\r\n'),(107,'17591427',1,'1597005','4716646\r\n'),(108,'17591427',2,'49812','0\r\n'),(109,'17591427',3,'18741','0\r\n'),(110,'17591427',4,'49148','637796\r\n'),(111,'9521850',1,'651850','0\r\n'),(112,'9521850',3,'218586','0\r\n'),(113,'3273457',1,'834239','8143696\r\n'),(114,'3273457',2,'84155','0\r\n'),(115,'3273457',3,'642','0\r\n'),(116,'19362035',1,'138308','4502788\r\n'),(117,'91215525',1,'158805','4850569\r\n'),(118,'24242579',1,'35447','12670642\r\n'),(119,'6432299',1,'1133042','0\r\n'),(120,'6432299',3,'31725','0\r\n'),(121,'17587337',1,'118163','6231358\r\n'),(122,'17587337',2,'64293','0\r\n'),(123,'17587337',4,'2230','0\r\n'),(124,'91461508',1,'117721','0\r\n'),(125,'91461508',2,'766','0\r\n'),(126,'91461508',3,'6777','0\r\n'),(127,'91461508',5,'706','0\r\n'),(128,'17594753',1,'0','15184410\r\n'),(129,'12968434',1,'1649793','3891233\r\n'),(130,'12968434',2,'47534','0\r\n'),(131,'12968434',3,'31974','0\r\n'),(132,'91153508',1,'0','15053980\r\n'),(133,'91153508',2,'65234','0\r\n'),(134,'91000572',1,'0','12286136\r\n'),(135,'96188338',1,'0','4879135\r\n'),(136,'8827180',1,'0','17331554\r\n'),(137,'18966904',1,'0','12424779\r\n'),(138,'16547593',1,'0','14296696\r\n'),(139,'13387682',1,'262365','6084684\r\n'),(140,'13477126',1,'396847','14705588\r\n'),(141,'17580998',1,'915742','1689590\r\n'),(142,'17580998',2,'9193','0\r\n'),(143,'17580998',3,'4856','0\r\n'),(144,'17580998',4,'10627','127540\r\n'),(145,'10540857',1,'168383','1835655\r\n'),(146,'17595696',1,'847896','2437840\r\n'),(147,'17595696',2,'65809','0\r\n'),(148,'17595696',3,'17264','0\r\n'),(149,'77154736',1,'0','4647501\r\n'),(150,'18965970',1,'424065','13158860\r\n'),(151,'91014513',1,'0','3260530\r\n'),(152,'5524817',1,'0','2792313\r\n'),(153,'16504791',1,'44486','15204108\r\n'),(154,'17595266',1,'2116447','3792666\r\n'),(155,'17595266',2,'325429','0\r\n'),(156,'17595266',3,'1256','0\r\n'),(157,'17595266',5,'42635','0\r\n'),(158,'68293494',1,'380883','2553846\r\n'),(159,'68293494',2,'32107','0\r\n'),(160,'68293494',3,'3283','0\r\n'),(161,'68293494',5,'17608','0\r\n'),(162,'88159950',1,'196974','13472322\r\n'),(163,'88159950',2,'135653','0\r\n'),(164,'17587319',1,'6152437','0\r\n'),(165,'17587319',2,'471607','0\r\n'),(166,'17587319',3,'4308879','0\r\n'),(167,'17587319',5,'74964','0\r\n'),(168,'17312612',1,'1310756','5219004\r\n'),(169,'17312612',2,'27034','0\r\n'),(170,'17312612',3,'8142','0\r\n'),(171,'17312612',4,'28912','0\r\n'),(172,'94320628',1,'428596','11614935\r\n'),(173,'94320628',2,'233693','0\r\n'),(174,'94320628',3,'4265','0\r\n'),(175,'91010578',1,'604539','5364238\r\n'),(176,'91010578',2,'56897','0\r\n'),(177,'91010578',3,'4058','0\r\n'),(178,'91010578',4,'67351','0\r\n'),(179,'91010578',5,'35813','0\r\n'),(180,'68289833',1,'0','9693419\r\n'),(181,'5888261',1,'182022','3889510\r\n'),(182,'5888261',2,'46886','0\r\n'),(183,'17585812',1,'0','14242475\r\n'),(184,'16476324',1,'0','10612449\r\n'),(185,'17584337',1,'0','17330348\r\n'),(186,'17588960',1,'0','82069\r\n'),(187,'24245079',1,'0','4870797\r\n'),(188,'17583777',1,'0','15450668\r\n'),(189,'17589925',1,'0','13078436\r\n'),(190,'17587604',1,'0','5912108\r\n'),(191,'5013591',1,'0','3759640\r\n'),(192,'17592312',1,'0','15446168\r\n'),(193,'10528830',1,'8189731','0\r\n'),(194,'10528830',2,'1130311','0\r\n'),(195,'10528830',3,'4068040','0\r\n'),(196,'10528830',5,'179061','0\r\n'),(197,'10528830',6,'36868','0\r\n'),(198,'10528830',7,'106445','0\r\n'),(199,'17587251',1,'1176698','13158860\r\n'),(200,'17591098',1,'0','12264399\r\n'),(201,'11374881',1,'473492','3261298\r\n'),(202,'11374881',2,'17746','0\r\n'),(203,'11374881',3,'1393','0\r\n'),(204,'49552712',1,'448081','49684\r\n'),(205,'49552712',2,'6637','0\r\n'),(206,'49552712',3,'15090','0\r\n'),(207,'17581150',1,'997883','2690183\r\n'),(208,'13724438',1,'0','11202181\r\n'),(209,'13701437',1,'197400','2556394\r\n'),(210,'13701437',2,'32137','0\r\n'),(211,'13701437',5,'1127','0\r\n'),(212,'91464090',1,'157236','4056517\r\n'),(213,'91464090',2,'41926','0\r\n'),(214,'91464090',3,'138','0\r\n'),(215,'17595028',1,'172765','2233421\r\n'),(216,'17595028',2,'27225','0\r\n'),(217,'17595028',5,'14437','0\r\n'),(218,'91426343',1,'1293229','9216238\r\n'),(219,'91426343',2,'173825','0\r\n'),(220,'91426343',3,'17371','0\r\n'),(221,'91426432',1,'0','7188347\r\n'),(222,'17584827',1,'18123','3187534\r\n'),(223,'94327269',1,'0','19374780\r\n'),(224,'17595963',1,'0','8505620\r\n'),(225,'17591335',1,'3257628','3034455\r\n'),(226,'17591335',2,'507289','0\r\n'),(227,'17591335',3,'292118','0\r\n'),(228,'17591335',5,'37752','0\r\n'),(229,'68291798',1,'6630891','0\r\n'),(230,'68291798',2,'407889','0\r\n'),(231,'68291798',3,'4013082','0\r\n'),(232,'68291798',5,'72469','0\r\n'),(233,'17590875',1,'0','1504751\r\n'),(234,'17586603',1,'175674','7628697\r\n'),(235,'17586603',2,'89078','0\r\n'),(236,'17582097',1,'0','9598000\r\n'),(237,'17589294',1,'417947','14736473\r\n'),(238,'19292709',1,'333255','4205498\r\n'),(239,'19292709',2,'134016','0\r\n'),(240,'19292709',3,'3866','0\r\n'),(241,'19292709',4,'88460','0\r\n'),(242,'18917822',1,'993','5875178\r\n'),(243,'17592395',1,'0','14628986\r\n'),(244,'17585988',1,'3985419','3033727\r\n'),(245,'17585988',2,'580922','0\r\n'),(246,'17585988',3,'436741','0\r\n'),(247,'17585988',5,'42115','0\r\n'),(248,'96188994',1,'0','1985933\r\n'),(249,'13886045',1,'181627','7844451\r\n'),(250,'17592195',1,'945490','2667462\r\n'),(251,'17592195',2,'34080','0\r\n'),(252,'17592195',3,'4850','0\r\n'),(253,'19111345',1,'1280902','6975044\r\n'),(254,'19111345',2,'387435','0\r\n'),(255,'19111345',3,'38045','0\r\n'),(256,'13459975',1,'1394760','15515876\r\n'),(257,'91001095',1,'206195','5867670\r\n'),(258,'91001095',2,'57824','0\r\n'),(259,'36500960',1,'0','1695667\r\n'),(260,'77100215',1,'243019','3323595\r\n'),(261,'88000912',1,'1470104','0\r\n'),(262,'88000912',3,'145906','0\r\n'),(263,'17588761',1,'0','2999860\r\n'),(264,'91345830',1,'168916','1736298\r\n'),(265,'91345830',2,'8781','0\r\n'),(266,'17588625',1,'235839','16410137\r\n'),(267,'17588625',2,'166440','0\r\n'),(268,'17588625',3,'26','0\r\n'),(269,'17595182',1,'311056','0\r\n'),(270,'17595182',3,'10110','0\r\n'),(271,'17596436',1,'1365360','3032467\r\n'),(272,'17596436',2,'153924','0\r\n'),(273,'17596436',5,'26387','0\r\n'),(274,'91526940',1,'0','8601789\r\n'),(275,'4831981',1,'0','13048459\r\n'),(276,'13474030',1,'1301178','6557257\r\n'),(277,'13474030',2,'366783','0\r\n'),(278,'13474030',3,'38647','0\r\n'),(279,'13474030',5,'47151','0\r\n'),(280,'17548406',1,'0','534961\r\n'),(281,'17587314',1,'0','15199849\r\n'),(282,'13464828',1,'0','9661565\r\n'),(283,'13464828',2,'41867','0\r\n'),(284,'96193052',1,'0','19065383\r\n'),(285,'17592907',1,'257258','6548368\r\n'),(286,'17586706',1,'0','4469971\r\n'),(287,'17587441',1,'0','9708700\r\n'),(288,'8786141',1,'342850','8102980\r\n'),(289,'8726919',1,'180509','2556394\r\n'),(290,'17592978',1,'0','12504800\r\n'),(291,'17592978',2,'33347','0\r\n'),(292,'17592978',5,'75029','0\r\n'),(293,'17590732',1,'581007','7444788\r\n'),(294,'17590732',2,'88953','0\r\n'),(295,'17590732',3,'314','0\r\n'),(296,'17590732',4,'24167','0\r\n'),(297,'1037246',1,'869882','6368602\r\n'),(298,'24243831',1,'0','18111337\r\n'),(299,'96165761',1,'197529','2545229\r\n'),(300,'96165761',2,'32008','0\r\n'),(301,'96165761',5,'15878','0\r\n'),(302,'17586254',1,'187066','11608442\r\n'),(303,'13491836',1,'0','3167111\r\n'),(304,'49752476',1,'53259','2164100\r\n'),(305,'17587235',1,'0','18160433\r\n'),(306,'86039354',1,'1961098','7038902\r\n'),(307,'86039354',2,'697345','0\r\n'),(308,'86039354',3,'184317','0\r\n'),(309,'86039354',5,'54000','0\r\n'),(310,'17587374',1,'102900','5104463\r\n'),(311,'17587374',2,'58353','0\r\n'),(312,'17587374',4,'3911','0\r\n'),(313,'17590913',1,'77350','3890420\r\n'),(314,'3225735',1,'0','3189539\r\n'),(315,'76232701',1,'0','2512749\r\n'),(316,'17580698',1,'0','11158017\r\n');
/*!40000 ALTER TABLE `estados` ENABLE KEYS */;
UNLOCK TABLES;

--
-- Table structure for table `fechadecorte`
--

DROP TABLE IF EXISTS `fechadecorte`;
/*!40101 SET @saved_cs_client     = @@character_set_client */;
/*!40101 SET character_set_client = utf8 */;
CREATE TABLE `fechadecorte` (
  `fecha` date NOT NULL,
  PRIMARY KEY (`fecha`)
) ENGINE=MyISAM DEFAULT CHARSET=latin1;
/*!40101 SET character_set_client = @saved_cs_client */;

--
-- Dumping data for table `fechadecorte`
--

LOCK TABLES `fechadecorte` WRITE;
/*!40000 ALTER TABLE `fechadecorte` DISABLE KEYS */;
INSERT INTO `fechadecorte` (`fecha`) VALUES ('2012-10-31');
/*!40000 ALTER TABLE `fechadecorte` ENABLE KEYS */;
UNLOCK TABLES;

--
-- Table structure for table `formaspago`
--

DROP TABLE IF EXISTS `formaspago`;
/*!40101 SET @saved_cs_client     = @@character_set_client */;
/*!40101 SET character_set_client = utf8 */;
CREATE TABLE `formaspago` (
  `id` smallint(6) NOT NULL AUTO_INCREMENT,
  `nombre` varchar(255) NOT NULL,
  PRIMARY KEY (`id`),
  UNIQUE KEY `nombre` (`nombre`)
) ENGINE=MyISAM AUTO_INCREMENT=4 DEFAULT CHARSET=latin1;
/*!40101 SET character_set_client = @saved_cs_client */;

--
-- Dumping data for table `formaspago`
--

LOCK TABLES `formaspago` WRITE;
/*!40000 ALTER TABLE `formaspago` DISABLE KEYS */;
INSERT INTO `formaspago` (`id`, `nombre`) VALUES (1,'Efectivo  \r\n'),(2,'Restructur\r\n'),(3,'Condonado \r\n');
/*!40000 ALTER TABLE `formaspago` ENABLE KEYS */;
UNLOCK TABLES;

--
-- Table structure for table `pagos`
--

DROP TABLE IF EXISTS `pagos`;
/*!40101 SET @saved_cs_client     = @@character_set_client */;
/*!40101 SET character_set_client = utf8 */;
CREATE TABLE `pagos` (
  `id` bigint(20) unsigned NOT NULL AUTO_INCREMENT,
  `usuario` varchar(20) NOT NULL,
  `valor` bigint(20) unsigned NOT NULL DEFAULT '0',
  `seguro` varchar(255) NOT NULL DEFAULT '0',
  `fecha_pago` date DEFAULT NULL,
  `forma_pago` smallint(1) NOT NULL,
  PRIMARY KEY (`id`),
  KEY `cfp_usuario` (`usuario`),
  KEY `cfp_formapago` (`forma_pago`)
) ENGINE=MyISAM AUTO_INCREMENT=4171 DEFAULT CHARSET=latin1;
/*!40101 SET character_set_client = @saved_cs_client */;

--
-- Dumping data for table `pagos`
--

LOCK TABLES `pagos` WRITE;
/*!40000 ALTER TABLE `pagos` DISABLE KEYS */;
INSERT INTO `pagos` (`id`, `usuario`, `valor`, `seguro`, `fecha_pago`, `forma_pago`) VALUES (1,'17584878',80000,'0','2009-10-22',1),(2,'17584878',175000,'0','2010-01-22',1),(3,'17584878',175000,'0','2010-04-26',1),(4,'17584878',175100,'0','2010-07-23',1),(5,'17584878',195000,'0','2010-11-03',1),(6,'17584878',185000,'0','2011-01-19',1),(7,'17584878',500000,'0','2011-04-25',1),(8,'17584878',376000,'0','2011-05-06',1),(9,'17584878',154000,'0','2011-07-22',1),(10,'17584878',925000,'0','2011-10-21',1),(11,'17584878',125000,'0','2012-01-25',1),(12,'17584878',925000,'0','2012-04-23',1),(13,'17584878',97000,'0','2012-07-23',1),(14,'17584878',970000,'0','2012-10-31',1),(15,'17589588',300200,'0','2007-04-02',1),(16,'17589588',300200,'0','2007-04-30',1),(17,'17589588',343438,'0','2007-06-15',1),(18,'17589588',340614,'0','2007-08-16',1),(19,'17589588',340403,'0','2007-11-01',1),(20,'17589588',169592,'0','2007-11-26',1),(21,'17589588',175000,'0','2007-12-17',1),(22,'17589588',169431,'0','2008-01-18',1),(23,'17589588',533355,'0','2008-05-19',1),(24,'17589588',686582,'0','2008-08-19',1),(25,'17589588',511800,'0','2008-12-01',1),(26,'17589588',344135,'0','2009-03-03',1),(27,'17589588',400000,'0','2009-08-18',1),(28,'17589588',400000,'31278','2009-12-01',1),(29,'17589588',300000,'0','2010-01-16',1),(30,'17589588',500000,'0','2010-02-16',1),(31,'17589588',500000,'0','2010-03-31',1),(32,'17589588',300000,'0','2010-04-30',1),(33,'17589588',300000,'0','2010-06-16',1),(34,'17589588',300000,'0','2010-07-30',1),(35,'17589588',300000,'13718','2010-08-31',1),(36,'17589588',300000,'0','2010-12-30',1),(37,'17589588',200000,'0','2011-03-17',1),(38,'17589588',200000,'0','2011-05-13',1),(39,'17589588',200000,'0','2011-07-01',1),(40,'17589588',200000,'0','2011-09-30',1),(41,'17589588',200000,'0','2011-12-01',1),(42,'17589588',200000,'0','2011-12-16',1),(43,'17589588',200000,'9083','2012-01-18',1),(44,'17589588',200000,'0','2012-02-16',1),(45,'17589588',200000,'0','2012-04-04',1),(46,'17589588',250000,'0','2012-06-15',1),(47,'17589588',200000,'0','2012-08-01',1),(48,'17589588',200000,'0','2012-09-14',1),(49,'17547145',19740,'0','2010-12-02',1),(50,'17547145',205000,'0','2011-02-23',1),(51,'17547145',303000,'0','2011-05-31',1),(52,'17547145',101000,'0','2011-07-08',1),(53,'17547145',205000,'0','2011-08-17',1),(54,'17547145',103000,'0','2011-09-30',1),(55,'17547145',205000,'0','2011-11-21',1),(56,'17547145',150000,'0','2012-02-29',1),(57,'17547145',250000,'0','2012-03-02',1),(58,'17547145',210000,'0','2012-07-30',1),(59,'17547145',200000,'0','2012-08-16',1),(60,'17547145',320000,'0','2012-10-18',1),(61,'17595103',240000,'0','2009-11-19',1),(62,'17595103',334000,'0','2009-12-19',1),(63,'17595103',334000,'0','2010-01-20',1),(64,'17595103',334000,'0','2010-02-20',1),(65,'17595103',334000,'0','2010-03-20',1),(66,'17595103',334000,'0','2010-04-16',1),(67,'17595103',334000,'0','2010-05-19',1),(68,'17595103',334000,'0','2010-06-21',1),(69,'17595103',334000,'0','2010-07-19',1),(70,'17595103',334000,'0','2010-08-23',1),(71,'17595103',334000,'0','2010-09-21',1),(72,'17595103',334000,'0','2010-10-29',1),(73,'17595103',410000,'0','2010-11-30',1),(74,'17595103',338000,'0','2010-12-29',1),(75,'17595103',336000,'0','2011-01-31',1),(76,'17595103',334000,'0','2011-03-28',1),(77,'17595103',400000,'0','2011-04-29',1),(78,'17595103',350000,'0','2011-05-30',1),(79,'17595103',500000,'0','2011-07-01',1),(80,'17595103',400000,'0','2011-08-03',1),(81,'17595103',350000,'0','2011-08-17',1),(82,'17595103',350000,'0','2011-09-19',1),(83,'17595103',340000,'0','2011-10-18',1),(84,'17595103',400000,'0','2011-12-29',1),(85,'17595103',340000,'0','2012-02-01',1),(86,'17595103',350000,'0','2012-03-21',1),(87,'17595103',350000,'0','2012-05-10',1),(88,'17595103',350000,'0','2012-06-19',1),(89,'17595103',1020000,'0','2012-07-03',1),(90,'17595103',700000,'0','2012-09-29',1),(91,'91420826',37146,'0','2009-12-09',1),(92,'91420826',147000,'0','2010-03-02',1),(93,'91420826',147000,'0','2010-03-31',1),(94,'91420826',147000,'0','2010-05-08',1),(95,'91420826',443000,'0','2010-06-15',1),(96,'91420826',295000,'0','2010-08-31',1),(97,'91420826',300000,'0','2011-01-06',1),(98,'91420826',300000,'0','2011-02-21',1),(99,'91420826',300000,'0','2011-04-11',1),(100,'91420826',622000,'0','2011-07-07',1),(101,'91420826',445000,'0','2011-09-21',1),(102,'91420826',300000,'0','2012-01-24',1),(103,'91420826',470000,'0','2012-02-29',1),(104,'91420826',600000,'0','2012-06-25',1),(105,'91420826',300000,'0','2012-10-10',1),(106,'3974211',352200,'0','2005-10-21',1),(107,'85433786',38400,'0','2011-04-18',1),(108,'85433786',194700,'0','2011-05-18',1),(109,'85433786',194700,'0','2011-06-15',1),(110,'85433786',194700,'0','2011-07-18',1),(111,'85433786',194700,'0','2011-08-16',1),(112,'85433786',194700,'0','2011-09-30',1),(113,'85433786',196000,'0','2011-10-28',1),(114,'85433786',196000,'0','2011-11-29',1),(115,'85433786',196000,'0','2011-12-28',1),(116,'85433786',200000,'0','2012-03-29',1),(117,'85433786',400000,'0','2012-06-29',1),(118,'85433786',510000,'0','2012-08-15',1),(119,'17582721',160000,'0','2009-10-22',1),(120,'17582721',117000,'0','2009-11-20',1),(121,'17582721',117000,'0','2009-12-19',1),(122,'17582721',117000,'0','2010-01-18',1),(123,'17582721',287000,'0','2010-02-22',1),(124,'17582721',287000,'0','2010-03-20',1),(125,'17582721',287000,'0','2010-04-20',1),(126,'17582721',287000,'0','2010-05-20',1),(127,'17582721',287000,'0','2010-06-21',1),(128,'17582721',287000,'0','2010-07-21',1),(129,'17582721',287000,'0','2010-08-20',1),(130,'17582721',287000,'0','2010-09-21',1),(131,'17582721',287000,'0','2010-10-20',1),(132,'17582721',51400,'0','2010-10-25',1),(133,'17582721',287000,'0','2010-11-22',1),(134,'17582721',287000,'0','2011-01-05',1),(135,'17582721',200000,'0','2011-02-09',1),(136,'17582721',110000,'0','2011-03-10',1),(137,'17582721',180000,'0','2011-04-29',1),(138,'17582721',120000,'0','2011-05-30',1),(139,'17582721',500000,'0','2011-06-23',1),(140,'17582721',300000,'0','2011-09-05',1),(141,'17582721',1000000,'0','2011-11-18',1),(142,'17582721',400000,'0','2012-01-06',1),(143,'17582721',350000,'0','2012-02-06',1),(144,'17582721',1460000,'0','2012-03-21',1),(145,'17582721',287100,'0','2012-04-23',1),(146,'17582721',250000,'0','2012-05-25',1),(147,'17582721',38000,'0','2012-06-19',1),(148,'17582721',290000,'0','2012-07-30',1),(149,'17582721',200000,'0','2012-08-15',1),(150,'17582721',80000,'0','2012-08-18',1),(151,'17583392',176000,'0','2011-12-13',1),(152,'17583392',245000,'0','2012-01-13',1),(153,'17583392',245000,'0','2012-02-14',1),(154,'17583392',245000,'0','2012-03-30',1),(155,'17583392',247000,'0','2012-05-02',1),(156,'17583392',246000,'0','2012-06-01',1),(157,'17583392',246000,'0','2012-06-26',1),(158,'17583392',150000,'0','2012-08-30',1),(159,'17584665',160000,'0','2009-07-30',1),(160,'17584665',350100,'0','2009-10-30',1),(161,'17584665',350000,'0','2010-01-30',1),(162,'17584665',350000,'0','2010-05-03',1),(163,'17584665',410000,'0','2010-07-29',1),(164,'17584665',350000,'0','2010-11-04',1),(165,'17584665',1748000,'0','2011-01-17',1),(166,'17584665',302000,'0','2011-05-04',1),(167,'17584665',1840000,'0','2011-07-26',1),(168,'17584665',257000,'0','2011-11-02',1),(169,'17584665',1851000,'0','2012-01-30',1),(170,'17584665',200000,'0','2012-04-02',1),(171,'17584665',1940000,'0','2012-07-04',1),(172,'17591719',252800,'0','2009-12-18',1),(173,'17591719',352000,'0','2010-01-16',1),(174,'17591719',707000,'0','2010-03-12',1),(175,'17591719',710000,'0','2010-05-28',1),(176,'17591719',353000,'0','2010-07-02',1),(177,'17591719',360000,'0','2010-08-14',1),(178,'17591719',355000,'0','2010-08-30',1),(179,'17591719',355000,'0','2010-09-16',1),(180,'17591719',1148000,'0','2010-12-15',1),(181,'17591719',356000,'0','2011-01-31',1),(182,'17591719',720000,'0','2011-03-29',1),(183,'17591719',700000,'0','2011-05-17',1),(184,'17591719',360000,'0','2011-06-14',1),(185,'17591719',360000,'0','2011-07-14',1),(186,'17591719',360000,'0','2011-08-31',1),(187,'17591719',360000,'0','2011-09-30',1),(188,'17591719',360000,'0','2011-11-15',1),(189,'17591719',760000,'0','2011-12-14',1),(190,'17591719',360000,'0','2012-01-24',1),(191,'17591719',1500000,'0','2012-07-13',1),(192,'5492744',272000,'0','2009-12-18',1),(193,'5492744',378500,'0','2010-01-18',1),(194,'5492744',378000,'0','2010-03-09',1),(195,'5492744',378000,'0','2010-03-15',1),(196,'5492744',383000,'0','2010-04-28',1),(197,'5492744',379500,'0','2010-05-28',1),(198,'5492744',378000,'0','2010-06-29',1),(199,'5492744',382000,'0','2010-07-28',1),(200,'5492744',378000,'0','2010-08-28',1),(201,'5492744',382000,'0','2010-09-28',1),(202,'5492744',380000,'0','2010-10-28',1),(203,'5492744',380000,'0','2010-11-26',1),(204,'5492744',380000,'0','2010-12-28',1),(205,'5492744',465100,'0','2011-01-28',1),(206,'5492744',383000,'0','2011-03-08',1),(207,'5492744',378000,'0','2011-03-28',1),(208,'5492744',380000,'0','2011-04-29',1),(209,'5492744',381000,'0','2011-05-27',1),(210,'5492744',380000,'0','2011-06-28',1),(211,'5492744',381000,'0','2011-07-28',1),(212,'5492744',380000,'0','2011-08-25',1),(213,'5492744',378000,'0','2011-09-16',1),(214,'5492744',376000,'0','2011-10-14',1),(215,'5492744',380000,'0','2011-11-28',1),(216,'5492744',380000,'0','2011-12-21',1),(217,'5492744',71000,'0','2011-12-28',1),(218,'5492744',381000,'0','2012-01-27',1),(219,'5492744',379000,'0','2012-02-28',1),(220,'5492744',380000,'0','2012-03-28',1),(221,'5492744',380000,'0','2012-05-12',1),(222,'5492744',380000,'0','2012-06-15',1),(223,'5492744',378000,'0','2012-06-28',1),(224,'5492744',383000,'0','2012-07-28',1),(225,'5492744',382000,'0','2012-09-14',1),(226,'5492744',380000,'0','2012-10-12',1),(227,'5492744',380000,'0','2012-10-27',1),(228,'19425855',165000,'0','2008-10-20',1),(229,'19425855',165104,'0','2008-11-18',1),(230,'19425855',164968,'0','2008-12-29',1),(231,'19425855',166474,'0','2009-02-06',1),(232,'19425855',332700,'0','2009-03-16',1),(233,'19425855',165615,'0','2009-04-14',1),(234,'19425855',333000,'0','2009-06-16',1),(235,'19425855',165500,'0','2009-07-13',1),(236,'19425855',165500,'0','2009-08-14',1),(237,'19425855',165000,'0','2009-09-15',1),(238,'19425855',165000,'35000','2009-10-13',1),(239,'19425855',165000,'0','2009-11-12',1),(240,'19425855',165000,'2650','2009-12-14',1),(241,'19425855',165000,'0','2010-01-12',1),(242,'19425855',165000,'0','2010-02-12',1),(243,'19425855',165000,'0','2010-03-12',1),(244,'19425855',155000,'0','2010-04-14',1),(245,'19425855',155000,'0','2010-05-21',1),(246,'19425855',155000,'0','2010-06-12',1),(247,'19425855',155000,'0','2010-07-15',1),(248,'19425855',155000,'0','2010-08-12',1),(249,'19425855',155000,'0','2010-09-14',1),(250,'19425855',155000,'0','2010-10-14',1),(251,'19425855',179000,'23279','2010-11-16',1),(252,'19425855',155000,'0','2010-12-14',1),(253,'19425855',155000,'0','2011-01-17',1),(254,'19425855',155000,'0','2011-02-24',1),(255,'19425855',155000,'0','2011-03-15',1),(256,'19425855',155000,'0','2011-04-12',1),(257,'19425855',155000,'0','2011-05-12',1),(258,'19425855',155000,'0','2011-06-15',1),(259,'19425855',155000,'0','2011-07-14',1),(260,'19425855',155000,'0','2011-08-11',1),(261,'19425855',155000,'0','2011-09-14',1),(262,'19425855',155000,'0','2011-10-13',1),(263,'19425855',176000,'16110','2011-11-15',1),(264,'19425855',155000,'0','2011-12-12',1),(265,'19425855',155000,'0','2012-01-12',1),(266,'19425855',155000,'0','2012-02-13',1),(267,'19425855',155000,'0','2012-03-12',1),(268,'19425855',155000,'0','2012-04-11',1),(269,'19425855',155000,'0','2012-05-14',1),(270,'19425855',155000,'0','2012-06-12',1),(271,'19425855',155000,'0','2012-07-14',1),(272,'19425855',155000,'0','2012-08-13',1),(273,'19425855',155000,'0','2012-09-14',1),(274,'19425855',165000,'8476','2012-10-25',1),(275,'17588473',288000,'0','2010-05-26',1),(276,'17588473',402000,'0','2010-07-02',1),(277,'17588473',401000,'0','2010-07-28',1),(278,'17588473',400000,'0','2010-08-27',1),(279,'17588473',402000,'0','2010-10-04',1),(280,'17588473',404000,'0','2010-11-08',1),(281,'17588473',401000,'0','2010-11-26',1),(282,'17588473',401000,'0','2011-01-18',1),(283,'17588473',401000,'0','2011-01-29',1),(284,'17588473',402000,'0','2011-03-11',1),(285,'17588473',400000,'0','2011-04-01',1),(286,'17588473',401000,'0','2011-05-06',1),(287,'17588473',402000,'0','2011-06-21',1),(288,'17588473',402000,'0','2011-07-21',1),(289,'17588473',1334000,'0','2011-10-14',1),(290,'17588473',401000,'0','2011-11-01',1),(291,'17588473',402000,'0','2011-12-20',1),(292,'17588473',403000,'0','2012-01-30',1),(293,'17588473',405000,'0','2012-04-02',1),(294,'17588473',900000,'0','2012-07-05',1),(295,'17588473',700000,'0','2012-09-19',1),(296,'17592788',288000,'0','2011-05-20',1),(297,'17592788',401000,'0','2011-06-20',1),(298,'17592788',400000,'0','2011-07-19',1),(299,'17592788',401000,'0','2011-08-19',1),(300,'17592788',401000,'0','2011-09-19',1),(301,'17592788',401000,'0','2011-10-18',1),(302,'17592788',401000,'0','2011-11-23',1),(303,'17592788',401000,'0','2011-12-21',1),(304,'17592788',401000,'0','2012-01-25',1),(305,'17592788',401000,'0','2012-02-21',1),(306,'17592788',401000,'0','2012-03-21',1),(307,'17592788',401000,'0','2012-04-18',1),(308,'17592788',492000,'0','2012-05-18',1),(309,'17592788',401500,'0','2012-06-15',1),(310,'17592788',401000,'0','2012-07-18',1),(311,'17592788',401000,'0','2012-08-01',1),(312,'17592788',401000,'0','2012-09-06',1),(313,'17592788',401000,'0','2012-10-09',1),(314,'91320664',128000,'0','2009-10-22',1),(315,'91320664',94000,'0','2009-11-24',1),(316,'91320664',94000,'0','2009-12-23',1),(317,'91320664',94000,'0','2010-01-25',1),(318,'91320664',229600,'0','2010-02-19',1),(319,'91320664',229600,'0','2010-03-19',1),(320,'91320664',229600,'0','2010-04-22',1),(321,'91320664',229600,'0','2010-05-24',1),(322,'91320664',229600,'0','2010-06-22',1),(323,'91320664',229600,'0','2010-07-22',1),(324,'91320664',229600,'0','2010-08-23',1),(325,'91320664',231000,'0','2010-09-21',1),(326,'91320664',259000,'0','2010-10-22',1),(327,'91320664',250000,'0','2010-11-22',1),(328,'91320664',230000,'0','2010-12-22',1),(329,'91320664',230000,'0','2011-01-21',1),(330,'91320664',230000,'0','2011-02-22',1),(331,'91320664',230000,'0','2011-03-22',1),(332,'91320664',230000,'0','2011-04-25',1),(333,'91320664',230000,'0','2011-05-23',1),(334,'91320664',230000,'0','2011-06-22',1),(335,'91320664',230000,'0','2011-07-22',1),(336,'91320664',230000,'0','2011-08-23',1),(337,'91320664',230000,'0','2011-09-26',1),(338,'91320664',259000,'0','2011-10-18',1),(339,'91320664',230000,'0','2011-11-21',1),(340,'91320664',230000,'0','2011-12-26',1),(341,'91320664',230000,'0','2012-01-23',1),(342,'91320664',230000,'0','2012-02-22',1),(343,'91320664',230000,'0','2012-03-24',1),(344,'91320664',230000,'0','2012-04-23',1),(345,'91320664',230000,'0','2012-05-23',1),(346,'91320664',230000,'0','2012-06-23',1),(347,'91320664',230000,'0','2012-07-24',1),(348,'91320664',230000,'0','2012-08-22',1),(349,'91320664',230000,'0','2012-09-17',1),(350,'91320664',245000,'0','2012-10-20',1),(351,'91426521',160000,'0','2009-08-06',1),(352,'91426521',116700,'0','2009-09-04',1),(353,'91426521',116700,'0','2009-10-06',1),(354,'91426521',116700,'0','2009-11-06',1),(355,'91426521',287000,'0','2009-12-11',1),(356,'91426521',287000,'0','2010-01-06',1),(357,'91426521',288000,'0','2010-02-08',1),(358,'91426521',287000,'0','2010-03-08',1),(359,'91426521',287000,'0','2010-04-07',1),(360,'91426521',287000,'0','2010-05-06',1),(361,'91426521',287000,'0','2010-06-08',1),(362,'91426521',287000,'0','2010-07-06',1),(363,'91426521',340000,'0','2010-08-25',1),(364,'91426521',291000,'0','2010-09-24',1),(365,'91426521',291000,'0','2010-10-29',1),(366,'91426521',290000,'0','2010-11-30',1),(367,'91426521',290000,'0','2010-12-28',1),(368,'91426521',290000,'0','2011-01-25',1),(369,'91426521',290000,'0','2011-02-15',1),(370,'91426521',290000,'0','2011-03-29',1),(371,'91426521',290000,'0','2011-04-28',1),(372,'91426521',290000,'0','2011-05-26',1),(373,'91426521',289000,'0','2011-06-21',1),(374,'91426521',289000,'0','2011-07-28',1),(375,'91426521',328000,'0','2011-08-30',1),(376,'91426521',297000,'0','2011-10-14',1),(377,'91426521',588000,'0','2011-11-30',1),(378,'91426521',290000,'0','2012-01-31',1),(379,'91426521',365000,'0','2012-02-29',1),(380,'91426521',150000,'0','2012-04-24',1),(381,'91426521',150000,'0','2012-04-26',1),(382,'91426521',400000,'0','2012-05-23',1),(383,'91426521',400000,'0','2012-06-25',1),(384,'91426521',350000,'0','2012-07-31',1),(385,'91426521',300000,'0','2012-08-21',1),(386,'91426521',600000,'0','2012-10-10',1),(387,'17590353',39223,'0','2009-12-18',1),(388,'17590353',147000,'0','2010-01-29',1),(389,'17590353',183000,'0','2010-03-04',1),(390,'17590353',166000,'0','2010-04-09',1),(391,'17590353',166000,'0','2010-07-21',1),(392,'17590353',668000,'0','2010-08-20',1),(393,'17590353',150000,'0','2010-09-21',1),(394,'17590353',166000,'0','2010-10-19',1),(395,'17590353',160000,'0','2010-12-16',1),(396,'17590353',160000,'0','2011-01-26',1),(397,'17590353',160000,'0','2011-02-22',1),(398,'17590353',240000,'0','2011-04-08',1),(399,'17590353',400000,'0','2011-06-10',1),(400,'17590353',592000,'0','2011-08-17',1),(401,'17590353',500000,'0','2011-11-08',1),(402,'17590353',320000,'0','2012-01-27',1),(403,'17590353',500000,'0','2012-05-29',1),(404,'17590353',300000,'0','2012-09-06',1),(405,'17589338',240000,'0','2009-12-01',1),(406,'17589338',335000,'0','2010-01-04',1),(407,'17589338',334000,'0','2010-02-08',1),(408,'17589338',335000,'0','2010-03-02',1),(409,'17589338',335000,'0','2010-04-05',1),(410,'17589338',335000,'0','2010-05-04',1),(411,'17589338',334000,'0','2010-06-16',1),(412,'17589338',335000,'0','2010-07-16',1),(413,'17589338',335000,'0','2010-08-18',1),(414,'17589338',335000,'0','2010-09-16',1),(415,'17589338',335000,'0','2010-10-05',1),(416,'17589338',335000,'0','2010-12-10',1),(417,'17589338',335000,'0','2011-01-06',1),(418,'17589338',430000,'0','2011-02-01',1),(419,'17589338',350000,'0','2011-03-17',1),(420,'17589338',1013000,'0','2011-05-06',1),(421,'17589338',335000,'0','2011-06-08',1),(422,'17589338',340000,'0','2011-08-04',1),(423,'17589338',340000,'0','2011-09-09',1),(424,'17589338',350000,'0','2011-10-19',1),(425,'17589338',335000,'0','2011-11-01',1),(426,'17589338',750000,'0','2011-12-17',1),(427,'17589338',340000,'0','2012-03-17',1),(428,'17589338',987000,'0','2012-04-16',1),(429,'17589338',350000,'0','2012-08-06',1),(430,'17589338',350000,'0','2012-08-16',1),(431,'17589338',335000,'0','2012-09-17',1),(432,'17589338',350000,'0','2012-10-26',1),(433,'17526688',33535,'0','2012-03-16',1),(434,'17526688',155000,'0','2012-04-17',1),(435,'17526688',154000,'0','2012-05-16',1),(436,'17526688',155000,'0','2012-06-19',1),(437,'17526688',155000,'0','2012-07-17',1),(438,'17526688',155000,'0','2012-08-16',1),(439,'17526688',153000,'0','2012-09-17',1),(440,'17526688',152000,'0','2012-10-16',1),(441,'5626147',26819,'0','2009-12-29',1),(442,'5626147',101350,'0','2010-01-28',1),(443,'5626147',305000,'0','2010-04-29',1),(444,'5626147',203100,'0','2010-06-30',1),(445,'5626147',300000,'0','2010-10-30',1),(446,'5626147',310000,'0','2010-11-30',1),(447,'5626147',40000,'0','2010-12-30',1),(448,'5626147',350000,'0','2011-04-29',1),(449,'5626147',85000,'0','2011-05-30',1),(450,'5626147',87000,'0','2011-06-30',1),(451,'5626147',87000,'0','2011-07-29',1),(452,'5626147',86000,'0','2011-08-30',1),(453,'5626147',86000,'0','2011-09-29',1),(454,'5626147',87000,'0','2011-10-27',1),(455,'5626147',87000,'0','2011-11-30',1),(456,'5626147',105000,'0','2011-12-29',1),(457,'5626147',90000,'0','2012-01-31',1),(458,'5626147',85000,'0','2012-02-29',1),(459,'5626147',90000,'0','2012-03-31',1),(460,'5626147',80000,'0','2012-04-30',1),(461,'5626147',86000,'0','2012-05-30',1),(462,'5626147',80000,'0','2012-06-30',1),(463,'5626147',80000,'0','2012-07-30',1),(464,'5626147',20000,'0','2012-07-31',1),(465,'5626147',100000,'0','2012-08-31',1),(466,'5626147',90000,'0','2012-09-29',1),(467,'5626147',100000,'0','2012-10-31',1),(468,'17589362',192000,'0','2010-09-02',1),(469,'17589362',270000,'0','2010-10-01',1),(470,'17589362',300000,'0','2010-11-02',1),(471,'17589362',24000,'0','2010-11-17',1),(472,'17589362',260000,'0','2010-12-04',1),(473,'17589362',90000,'0','2010-12-20',1),(474,'17589362',250000,'0','2011-01-06',1),(475,'17589362',100000,'0','2011-01-19',1),(476,'17589362',258000,'0','2011-02-02',1),(477,'17589362',78000,'0','2011-02-18',1),(478,'17589362',270000,'0','2011-03-07',1),(479,'17589362',90000,'0','2011-03-22',1),(480,'17589362',261000,'0','2011-04-04',1),(481,'17589362',4000,'0','2011-04-25',1),(482,'17589362',88000,'0','2011-04-25',1),(483,'17589362',268000,'0','2011-05-17',1),(484,'17589362',267000,'0','2011-06-03',1),(485,'17589362',180000,'0','2011-06-16',1),(486,'17589362',268600,'0','2011-07-18',1),(487,'17589362',89400,'0','2011-07-18',1),(488,'17589362',268000,'0','2011-08-04',1),(489,'17589362',90000,'0','2011-08-20',1),(490,'17589362',330000,'0','2011-09-20',1),(491,'17589362',30000,'0','2011-09-20',1),(492,'17589362',270000,'0','2011-10-20',1),(493,'17589362',148000,'0','2011-10-20',1),(494,'17589362',268000,'0','2011-11-18',1),(495,'17589362',112000,'0','2011-11-18',1),(496,'17589362',270000,'0','2011-12-06',1),(497,'17589362',90000,'0','2011-12-29',1),(498,'17589362',270000,'0','2012-01-18',1),(499,'17589362',90000,'0','2012-01-18',1),(500,'17589362',260000,'0','2012-02-17',1),(501,'17589362',5000,'0','2012-02-22',1),(502,'17589362',85000,'0','2012-02-22',1),(503,'17589362',270000,'0','2012-03-26',1),(504,'17589362',90000,'0','2012-03-26',1),(505,'17589362',263500,'0','2012-04-23',1),(506,'17589362',88500,'0','2012-04-23',1),(507,'17589362',269000,'0','2012-05-25',1),(508,'17589362',89000,'0','2012-05-25',1),(509,'17589362',270000,'0','2012-07-03',1),(510,'17589362',90000,'0','2012-07-03',1),(511,'17589362',270000,'0','2012-07-23',1),(512,'17589362',90000,'0','2012-07-23',1),(513,'17589362',270000,'0','2012-08-01',1),(514,'17589362',90000,'0','2012-08-17',1),(515,'17589362',270000,'0','2012-09-03',1),(516,'17589362',13700,'0','2012-09-18',1),(517,'17589362',86300,'0','2012-09-18',1),(518,'17589362',301000,'0','2012-10-01',1),(519,'17589362',90000,'0','2012-10-17',1),(520,'17593334',288000,'0','2011-10-06',1),(521,'17593334',180000,'0','2011-11-26',1),(522,'17593334',180000,'0','2011-12-13',1),(523,'17593334',180000,'0','2012-01-06',1),(524,'17593334',416000,'0','2012-02-06',1),(525,'17593334',416000,'0','2012-03-05',1),(526,'17593334',416000,'0','2012-04-03',1),(527,'17593334',416000,'0','2012-05-04',1),(528,'17593334',416000,'0','2012-06-05',1),(529,'17593334',417000,'0','2012-07-09',1),(530,'17593334',416000,'0','2012-08-06',1),(531,'17593334',416000,'0','2012-09-06',1),(532,'17593334',416000,'0','2012-10-04',1),(533,'91228332',128000,'0','2009-10-26',1),(534,'91228332',93360,'0','2009-11-26',1),(535,'91228332',93360,'0','2010-01-25',1),(536,'91228332',94000,'0','2010-02-27',1),(537,'91228332',229531,'0','2010-02-27',1),(538,'91228332',229600,'0','2010-03-30',1),(539,'91228332',229600,'0','2010-05-03',1),(540,'91228332',229600,'0','2010-05-28',1),(541,'91228332',229600,'0','2010-06-29',1),(542,'91228332',229600,'0','2010-07-24',1),(543,'91228332',229600,'0','2010-08-27',1),(544,'91228332',240000,'0','2010-09-30',1),(545,'91228332',245000,'0','2010-11-12',1),(546,'91228332',483000,'0','2010-12-30',1),(547,'91228332',600000,'0','2011-05-27',1),(548,'91228332',500000,'0','2011-08-24',1),(549,'91228332',450000,'0','2011-09-28',1),(550,'91228332',632000,'0','2011-10-05',1),(551,'91228332',730000,'0','2011-12-21',1),(552,'91228332',470000,'0','2012-03-06',1),(553,'91228332',230000,'0','2012-03-21',1),(554,'91228332',230000,'0','2012-04-20',1),(555,'91228332',230000,'0','2012-05-24',1),(556,'91228332',465000,'0','2012-07-19',1),(557,'91228332',230000,'0','2012-08-28',1),(558,'91228332',230000,'0','2012-09-24',1),(559,'91228332',250000,'0','2012-10-25',1),(560,'17580886',240000,'0','2011-10-13',1),(561,'17580886',150000,'0','2011-11-11',1),(562,'17580886',150000,'0','2011-12-12',1),(563,'17580886',150000,'0','2012-01-13',1),(564,'17580886',400000,'0','2012-02-13',1),(565,'17580886',400000,'0','2012-03-13',1),(566,'17580886',400000,'0','2012-04-13',1),(567,'17580886',400000,'0','2012-05-11',1),(568,'17580886',350000,'0','2012-06-12',1),(569,'17580886',350000,'0','2012-07-05',1),(570,'17580886',350000,'0','2012-08-13',1),(571,'17580886',350000,'0','2012-09-13',1),(572,'17580886',420000,'0','2012-10-11',1),(573,'17591517',112000,'0','2009-10-22',1),(574,'17591517',85000,'0','2009-11-18',1),(575,'17591517',85000,'0','2009-12-19',1),(576,'17591517',85000,'0','2010-01-20',1),(577,'17591517',200000,'0','2010-02-26',1),(578,'17591517',201000,'0','2010-04-09',1),(579,'17591517',201000,'0','2010-04-09',1),(580,'17591517',206000,'0','2010-06-17',1),(581,'17591517',201000,'0','2010-06-18',1),(582,'17591517',201000,'0','2010-07-19',1),(583,'17591517',200800,'0','2010-08-19',1),(584,'17591517',201000,'0','2010-09-14',1),(585,'17591517',201000,'0','2010-10-22',1),(586,'17591517',238000,'0','2010-11-17',1),(587,'17591517',201000,'0','2010-12-22',1),(588,'17591517',201000,'0','2011-01-11',1),(589,'17591517',405000,'0','2011-03-12',1),(590,'17591517',201000,'0','2011-04-20',1),(591,'17591517',202000,'0','2011-05-16',1),(592,'17591517',201000,'0','2011-06-20',1),(593,'17591517',201000,'0','2011-07-22',1),(594,'17591517',203000,'0','2011-09-07',1),(595,'17591517',202000,'0','2011-10-10',1),(596,'17591517',230000,'0','2011-10-18',1),(597,'17591517',201000,'0','2011-11-22',1),(598,'17591517',201000,'0','2011-12-20',1),(599,'17591517',201000,'0','2012-01-20',1),(600,'17591517',406000,'0','2012-03-15',1),(601,'17591517',406000,'0','2012-05-19',1),(602,'17591517',201000,'0','2012-06-20',1),(603,'17591517',202000,'0','2012-07-27',1),(604,'17591517',202000,'0','2012-08-28',1),(605,'17591517',420000,'0','2012-10-19',1),(606,'17591680',128000,'0','2009-11-23',1),(607,'17591680',180000,'0','2009-12-23',1),(608,'17591680',180000,'0','2010-01-26',1),(609,'17591680',180000,'0','2010-02-22',1),(610,'17591680',180000,'0','2010-03-23',1),(611,'17591680',180000,'0','2010-04-20',1),(612,'17591680',180000,'0','2010-05-24',1),(613,'17591680',180000,'0','2010-06-24',1),(614,'17591680',175000,'0','2010-07-26',1),(615,'17591680',180000,'0','2010-08-23',1),(616,'17591680',180000,'0','2010-09-24',1),(617,'17591680',180000,'0','2010-10-25',1),(618,'17591680',219000,'0','2010-11-22',1),(619,'17591680',180000,'0','2010-12-24',1),(620,'17591680',180000,'0','2011-01-24',1),(621,'17591680',180000,'0','2011-02-16',1),(622,'17591680',180000,'0','2011-03-30',1),(623,'17591680',180000,'0','2011-04-26',1),(624,'17591680',180000,'0','2011-05-23',1),(625,'17591680',173000,'0','2011-06-24',1),(626,'17591680',178000,'0','2011-07-22',1),(627,'17591680',180000,'0','2011-08-24',1),(628,'17591680',180000,'0','2011-09-26',1),(629,'17591680',180000,'0','2011-10-24',1),(630,'17591680',180000,'0','2011-11-23',1),(631,'17591680',205000,'0','2011-12-29',1),(632,'17591680',180000,'0','2012-01-24',1),(633,'17591680',180000,'0','2012-02-22',1),(634,'17591680',180000,'0','2012-03-23',1),(635,'17591680',180000,'0','2012-04-24',1),(636,'17591680',180000,'0','2012-05-29',1),(637,'17591680',180000,'0','2012-06-25',1),(638,'17591680',180000,'0','2012-07-24',1),(639,'17591680',180000,'0','2012-08-22',1),(640,'17591680',180000,'0','2012-10-01',1),(641,'17591680',180000,'0','2012-10-23',1),(642,'17590395',41385,'0','2010-02-22',1),(643,'17590395',162000,'0','2010-03-18',1),(644,'17590395',162000,'0','2010-04-20',1),(645,'17590395',162000,'0','2010-05-18',1),(646,'17590395',162000,'0','2010-06-19',1),(647,'17590395',162000,'0','2010-07-21',1),(648,'17590395',162000,'0','2010-08-20',1),(649,'17590395',162000,'0','2010-09-21',1),(650,'17590395',162000,'0','2010-10-20',1),(651,'17590395',162000,'0','2010-11-17',1),(652,'17590395',162000,'0','2010-12-21',1),(653,'17590395',163000,'0','2011-01-25',1),(654,'17590395',162000,'0','2011-02-21',1),(655,'17590395',162000,'0','2011-03-18',1),(656,'17590395',162000,'0','2011-04-19',1),(657,'17590395',162000,'0','2011-05-17',1),(658,'17590395',195000,'0','2011-06-20',1),(659,'17590395',162000,'0','2011-07-21',1),(660,'17590395',162000,'0','2011-08-17',1),(661,'17590395',162000,'0','2011-09-19',1),(662,'17590395',162000,'0','2011-10-20',1),(663,'17590395',162000,'0','2011-11-21',1),(664,'17590395',162000,'0','2011-12-16',1),(665,'17590395',162000,'0','2012-01-13',1),(666,'17590395',162000,'0','2012-02-16',1),(667,'17590395',185000,'0','2012-03-20',1),(668,'17590395',162000,'0','2012-04-20',1),(669,'17590395',162000,'0','2012-05-22',1),(670,'17590395',162000,'0','2012-06-20',1),(671,'17590395',162000,'0','2012-07-21',1),(672,'17590395',162000,'0','2012-08-21',1),(673,'17590395',162000,'0','2012-09-18',1),(674,'17590395',162000,'0','2012-10-20',1),(675,'17584150',128000,'0','2009-10-22',1),(676,'17584150',95000,'0','2009-11-20',1),(677,'17584150',95000,'0','2009-12-22',1),(678,'17584150',95000,'0','2010-01-22',1),(679,'17584150',229600,'0','2010-02-22',1),(680,'17584150',229600,'0','2010-03-23',1),(681,'17584150',229600,'0','2010-05-03',1),(682,'17584150',460000,'0','2010-06-04',1),(683,'17584150',230000,'0','2010-08-11',1),(684,'17584150',240000,'0','2010-09-29',1),(685,'17584150',230000,'0','2010-10-19',1),(686,'17584150',230000,'0','2010-11-17',1),(687,'17584150',277000,'0','2010-11-29',1),(688,'17584150',230000,'0','2010-12-16',1),(689,'17584150',230000,'0','2011-01-25',1),(690,'17584150',232000,'0','2011-03-10',1),(691,'17584150',305000,'0','2011-04-29',1),(692,'17584150',230000,'0','2011-05-18',1),(693,'17584150',1402000,'0','2011-10-29',1),(694,'17584150',1000000,'0','2012-07-04',1),(695,'17584150',400000,'0','2012-10-08',1),(696,'17584150',350000,'0','2012-10-20',1),(697,'1116775123',112000,'0','2011-06-01',1),(698,'1116775123',82000,'0','2011-07-01',1),(699,'1116775123',85000,'0','2011-08-01',1),(700,'1116775123',86000,'0','2011-09-05',1),(701,'1116775123',201000,'0','2011-10-31',1),(702,'1116775123',201000,'0','2011-11-30',1),(703,'1116775123',205000,'0','2011-12-29',1),(704,'1116775123',208000,'0','2012-01-06',1),(705,'1116775123',201000,'0','2012-02-01',1),(706,'1116775123',205000,'0','2012-03-20',1),(707,'1116775123',210000,'0','2012-05-22',1),(708,'1116775123',210000,'0','2012-06-12',1),(709,'1116775123',240000,'0','2012-06-25',1),(710,'1116775123',205000,'0','2012-07-17',1),(711,'1116775123',210000,'0','2012-08-28',1),(712,'1116775123',210000,'0','2012-10-16',1),(713,'17592087',35253,'0','2009-12-22',1),(714,'17592087',150000,'0','2010-01-28',1),(715,'17592087',150000,'0','2010-02-17',1),(716,'17592087',150000,'0','2010-03-30',1),(717,'17592087',252300,'0','2010-06-02',1),(718,'17592087',120000,'0','2010-07-16',1),(719,'17592087',120000,'0','2010-08-24',1),(720,'17592087',120000,'0','2010-09-20',1),(721,'17592087',120000,'0','2010-10-30',1),(722,'17592087',125000,'0','2010-12-01',1),(723,'17592087',120000,'0','2011-01-03',1),(724,'17592087',120000,'0','2011-01-17',1),(725,'17592087',120000,'0','2011-03-01',1),(726,'17592087',120000,'0','2011-04-02',1),(727,'17592087',120000,'0','2011-04-30',1),(728,'17592087',205000,'0','2011-06-24',1),(729,'17592087',225000,'0','2011-07-21',1),(730,'17592087',240000,'0','2011-09-23',1),(731,'17592087',120000,'0','2011-10-20',1),(732,'17592087',120000,'0','2012-01-02',1),(733,'17592087',120000,'0','2012-02-06',1),(734,'17592087',130000,'0','2012-02-24',1),(735,'17592087',130000,'0','2012-03-16',1),(736,'17592087',240000,'0','2012-04-16',1),(737,'17592087',125000,'0','2012-06-04',1),(738,'17592087',220000,'0','2012-07-13',1),(739,'17592087',120000,'0','2012-08-28',1),(740,'17592087',120000,'0','2012-09-29',1),(741,'17596694',108000,'0','2012-02-27',1),(742,'17596694',200000,'0','2012-03-29',1),(743,'17596694',200000,'0','2012-04-26',1),(744,'17596694',200000,'0','2012-06-12',1),(745,'17596694',420000,'0','2012-07-12',1),(746,'17596694',450000,'0','2012-08-10',1),(747,'17596694',420000,'0','2012-08-29',1),(748,'17596694',420000,'0','2012-10-01',1),(749,'17596694',440000,'0','2012-10-30',1),(750,'17589080',29418,'0','2009-11-25',1),(751,'17589080',120000,'0','2010-01-29',1),(752,'17589080',1950000,'0','2011-04-07',1),(753,'17589080',120000,'0','2011-04-25',1),(754,'17589080',120000,'0','2011-05-30',1),(755,'17589080',120000,'0','2011-06-30',1),(756,'17589080',120000,'0','2011-07-18',1),(757,'17589080',120000,'0','2011-08-25',1),(758,'17589080',120000,'0','2011-09-29',1),(759,'17589080',120000,'0','2011-11-10',1),(760,'17589080',120000,'0','2011-12-14',1),(761,'17589080',120000,'0','2012-01-18',1),(762,'17589080',120000,'0','2012-01-18',1),(763,'17589080',120000,'0','2012-02-28',1),(764,'17589080',120000,'0','2012-04-09',1),(765,'17589080',120000,'0','2012-06-12',1),(766,'17589080',120000,'0','2012-06-12',1),(767,'17589080',120000,'0','2012-07-27',1),(768,'17589080',120000,'0','2012-07-27',1),(769,'17589080',120000,'0','2012-09-08',1),(770,'17589080',120000,'0','2012-10-03',1),(771,'91274512',240000,'0','2011-02-16',1),(772,'91274512',334000,'0','2011-03-15',1),(773,'91274512',334000,'0','2011-04-15',1),(774,'91274512',334000,'0','2011-05-16',1),(775,'91274512',334000,'0','2011-06-15',1),(776,'91274512',334000,'0','2011-07-15',1),(777,'91274512',334000,'0','2011-08-16',1),(778,'91274512',334000,'0','2011-09-15',1),(779,'91274512',334000,'0','2011-10-18',1),(780,'91274512',335000,'0','2011-11-16',1),(781,'91274512',335000,'0','2011-12-16',1),(782,'91274512',334000,'0','2012-01-13',1),(783,'91274512',334000,'0','2012-02-15',1),(784,'91274512',334000,'0','2012-03-15',1),(785,'91274512',334000,'0','2012-04-17',1),(786,'91274512',334000,'0','2012-05-16',1),(787,'91274512',334000,'0','2012-06-15',1),(788,'91274512',334000,'0','2012-07-16',1),(789,'91274512',334000,'0','2012-08-16',1),(790,'91274512',334000,'0','2012-09-15',1),(791,'91274512',334000,'0','2012-10-17',1),(792,'13476280',59400,'0','2012-08-10',1),(793,'13476280',225000,'0','2012-09-06',1),(794,'13476280',59400,'0','2012-09-10',1),(795,'13476280',223000,'0','2012-10-10',1),(796,'13476280',222000,'0','2012-10-10',1),(797,'17586079',160000,'0','2009-10-22',1),(798,'17586079',117000,'0','2009-11-20',1),(799,'17586079',117000,'0','2009-12-22',1),(800,'17586079',117000,'0','2010-01-18',1),(801,'17586079',287000,'0','2010-02-19',1),(802,'17586079',289000,'0','2010-03-24',1),(803,'17586079',287000,'0','2010-04-20',1),(804,'17586079',288000,'0','2010-05-27',1),(805,'17586079',287000,'0','2010-06-23',1),(806,'17586079',280000,'0','2010-08-04',1),(807,'17586079',280000,'0','2010-08-28',1),(808,'17586079',306000,'0','2010-10-07',1),(809,'17586079',290000,'0','2010-11-09',1),(810,'17586079',330000,'0','2010-12-18',1),(811,'17586079',320000,'0','2011-02-07',1),(812,'17586079',280000,'0','2011-03-14',1),(813,'17586079',290000,'0','2011-05-25',1),(814,'17586079',280000,'0','2011-06-21',1),(815,'17586079',570000,'0','2011-07-23',1),(816,'17586079',300000,'0','2011-08-16',1),(817,'17586079',280000,'0','2011-09-30',1),(818,'17586079',150000,'0','2011-10-19',1),(819,'17586079',180000,'0','2011-11-03',1),(820,'17586079',295000,'0','2011-11-19',1),(821,'17586079',300000,'0','2011-12-01',1),(822,'17586079',210000,'0','2011-12-02',1),(823,'17586079',500000,'0','2011-12-16',1),(824,'17586079',300000,'0','2012-02-16',1),(825,'17586079',290000,'0','2012-03-22',1),(826,'17586079',300000,'0','2012-04-17',1),(827,'17586079',400000,'0','2012-05-17',1),(828,'17586079',350000,'0','2012-06-20',1),(829,'17586079',395000,'0','2012-07-13',1),(830,'17586079',295000,'0','2012-08-02',1),(831,'17586079',290000,'0','2012-09-03',1),(832,'17586079',310000,'0','2012-10-02',1),(833,'17583941',240000,'0','2010-07-06',1),(834,'17583941',335000,'0','2010-08-09',1),(835,'17583941',335000,'0','2010-09-06',1),(836,'17583941',335000,'0','2010-10-01',1),(837,'17583941',336000,'0','2010-11-17',1),(838,'17583941',335000,'0','2010-12-06',1),(839,'17583941',336000,'0','2011-01-11',1),(840,'17583941',335000,'0','2011-02-21',1),(841,'17583941',335000,'0','2011-03-07',1),(842,'17583941',335000,'0','2011-04-07',1),(843,'17583941',335000,'0','2011-05-17',1),(844,'17583941',335000,'0','2011-06-15',1),(845,'17583941',335000,'0','2011-07-21',1),(846,'17583941',335000,'0','2011-08-16',1),(847,'17583941',76000,'0','2011-09-16',1),(848,'17583941',335000,'0','2011-09-16',1),(849,'17583941',340000,'0','2011-10-19',1),(850,'17583941',340000,'0','2011-11-22',1),(851,'17583941',340000,'0','2011-12-20',1),(852,'17583941',340000,'0','2012-01-16',1),(853,'17583941',340000,'0','2012-02-17',1),(854,'17583941',340000,'0','2012-03-17',1),(855,'17583941',340000,'0','2012-04-18',1),(856,'17583941',340000,'0','2012-05-24',1),(857,'17583941',340000,'0','2012-06-23',1),(858,'17583941',335000,'0','2012-07-17',1),(859,'17583941',350000,'0','2012-08-16',1),(860,'17583941',340000,'0','2012-09-20',1),(861,'17583941',340000,'0','2012-10-18',1),(862,'13882304',240000,'0','2009-08-21',1),(863,'13882304',334000,'0','2009-09-21',1),(864,'13882304',334000,'0','2009-10-19',1),(865,'13882304',334000,'0','2009-11-20',1),(866,'13882304',334000,'0','2009-12-18',1),(867,'13882304',334000,'0','2010-01-21',1),(868,'13882304',334000,'0','2010-02-17',1),(869,'13882304',334000,'0','2010-03-25',1),(870,'13882304',1000,'0','2010-04-05',1),(871,'13882304',334000,'0','2010-04-21',1),(872,'13882304',340000,'0','2010-05-18',1),(873,'13882304',340000,'0','2010-06-22',1),(874,'13882304',330000,'0','2010-07-21',1),(875,'13882304',410000,'0','2010-08-09',1),(876,'13882304',334000,'0','2010-09-20',1),(877,'13882304',334000,'0','2010-10-19',1),(878,'13882304',334000,'0','2010-11-22',1),(879,'13882304',334000,'0','2010-12-17',1),(880,'13882304',334000,'0','2011-01-19',1),(881,'13882304',100000,'0','2011-02-03',1),(882,'13882304',184000,'0','2011-02-21',1),(883,'13882304',150000,'0','2011-03-02',1),(884,'13882304',240000,'0','2011-03-22',1),(885,'13882304',334000,'0','2011-04-19',1),(886,'13882304',334000,'0','2011-05-16',1),(887,'13882304',334000,'0','2011-06-16',1),(888,'13882304',334000,'0','2011-07-18',1),(889,'13882304',45000,'0','2011-08-02',1),(890,'13882304',334000,'0','2011-08-16',1),(891,'13882304',20000,'0','2011-08-30',1),(892,'13882304',334000,'0','2011-09-20',1),(893,'13882304',334000,'0','2011-10-18',1),(894,'13882304',334000,'0','2011-11-16',1),(895,'13882304',334000,'0','2011-12-16',1),(896,'13882304',334000,'0','2012-01-19',1),(897,'13882304',334000,'0','2012-02-20',1),(898,'13882304',334000,'0','2012-03-20',1),(899,'13882304',334000,'0','2012-04-23',1),(900,'13882304',334000,'0','2012-05-22',1),(901,'13882304',334000,'0','2012-06-19',1),(902,'13882304',330000,'0','2012-07-23',1),(903,'13882304',334000,'0','2012-08-21',1),(904,'13882304',334000,'0','2012-09-18',1),(905,'13882304',384000,'0','2012-10-18',1),(906,'91436193',108000,'0','2012-08-16',1),(907,'91436193',401000,'0','2012-09-14',1),(908,'91436193',402000,'0','2012-10-30',1),(909,'17546231',128000,'0','2009-10-22',1),(910,'17546231',93400,'0','2009-11-19',1),(911,'17546231',94000,'0','2009-12-21',1),(912,'17546231',94000,'0','2010-01-20',1),(913,'17546231',230000,'0','2010-02-18',1),(914,'17546231',230000,'0','2010-03-19',1),(915,'17546231',230000,'0','2010-04-21',1),(916,'17546231',230000,'0','2010-05-24',1),(917,'17546231',230000,'0','2010-06-22',1),(918,'17546231',230000,'0','2010-07-22',1),(919,'17546231',230000,'0','2010-08-23',1),(920,'17546231',230000,'0','2010-09-21',1),(921,'17546231',270000,'0','2010-10-22',1),(922,'17546231',230300,'0','2010-11-22',1),(923,'17546231',230000,'0','2010-12-21',1),(924,'17546231',230000,'0','2011-01-22',1),(925,'17546231',230000,'0','2011-02-22',1),(926,'17546231',230000,'0','2011-03-24',1),(927,'17546231',230000,'0','2011-04-25',1),(928,'17546231',230000,'0','2011-05-23',1),(929,'17546231',230000,'0','2011-06-24',1),(930,'17546231',230000,'0','2011-07-22',1),(931,'17546231',230000,'0','2011-08-24',1),(932,'17546231',230000,'0','2011-09-22',1),(933,'17546231',256000,'0','2011-10-21',1),(934,'17546231',230000,'0','2011-11-22',1),(935,'17546231',230000,'0','2011-12-22',1),(936,'17546231',230000,'0','2012-01-20',1),(937,'17546231',230000,'0','2012-02-21',1),(938,'17546231',230000,'0','2012-03-20',1),(939,'17546231',230000,'0','2012-04-20',1),(940,'17546231',230000,'0','2012-05-22',1),(941,'17546231',230000,'0','2012-06-22',1),(942,'17546231',230000,'0','2012-07-23',1),(943,'17546231',230000,'0','2012-08-22',1),(944,'17546231',230000,'0','2012-09-21',1),(945,'17546231',247000,'0','2012-10-22',1),(946,'17587036',262000,'0','2011-11-16',1),(947,'17587036',262000,'0','2011-12-01',1),(948,'17587036',262000,'0','2012-01-16',1),(949,'17587036',262000,'0','2012-02-16',1),(950,'17587036',262000,'0','2012-03-21',1),(951,'17587036',262000,'0','2012-04-14',1),(952,'17587036',265000,'0','2012-06-08',1),(953,'17587036',262000,'0','2012-07-14',1),(954,'17587036',262000,'0','2012-08-31',1),(955,'17587036',262000,'0','2012-09-15',1),(956,'17587036',272000,'0','2012-10-01',1),(957,'5727066',240000,'0','2011-07-05',1),(958,'5727066',350000,'0','2011-10-05',1),(959,'5727066',350000,'0','2011-11-04',1),(960,'5727066',350000,'0','2011-12-05',1),(961,'5727066',350000,'0','2012-02-06',1),(962,'5727066',350000,'0','2012-02-06',1),(963,'5727066',350000,'0','2012-03-05',1),(964,'5727066',350000,'0','2012-05-07',1),(965,'5727066',350000,'0','2012-07-03',1),(966,'5727066',1730000,'0','2012-08-06',1),(967,'5727066',370000,'0','2012-09-04',1),(968,'5727066',350000,'0','2012-10-04',1),(969,'79275963',240000,'0','2009-08-14',1),(970,'79275963',400000,'0','2009-10-31',1),(971,'79275963',600000,'0','2009-12-22',1),(972,'79275963',300000,'0','2010-01-15',1),(973,'79275963',340000,'0','2010-01-20',1),(974,'79275963',230000,'0','2010-02-24',1),(975,'79275963',100000,'0','2010-03-05',1),(976,'79275963',150000,'0','2010-03-23',1),(977,'79275963',200000,'0','2010-04-30',1),(978,'79275963',300000,'0','2010-05-29',1),(979,'79275963',120000,'0','2010-06-01',1),(980,'79275963',300000,'0','2010-06-30',1),(981,'79275963',170000,'0','2010-07-31',1),(982,'79275963',320000,'0','2010-08-31',1),(983,'79275963',350000,'0','2010-09-21',1),(984,'79275963',210000,'0','2010-09-30',1),(985,'79275963',350000,'0','2010-11-30',1),(986,'79275963',320000,'0','2010-12-30',1),(987,'79275963',350000,'0','2011-02-01',1),(988,'79275963',350000,'0','2011-03-31',1),(989,'79275963',300000,'0','2011-04-30',1),(990,'79275963',340000,'0','2011-06-04',1),(991,'79275963',410000,'0','2011-06-13',1),(992,'79275963',430000,'0','2011-06-30',1),(993,'79275963',9000,'0','2011-06-30',1),(994,'79275963',430000,'0','2011-07-18',1),(995,'79275963',300000,'0','2011-07-30',1),(996,'79275963',690000,'0','2011-08-31',1),(997,'79275963',340000,'0','2011-09-21',1),(998,'79275963',335000,'0','2011-10-21',1),(999,'79275963',330000,'0','2011-11-25',1),(1000,'79275963',5000,'0','2011-11-30',1),(1001,'79275963',335000,'0','2011-12-26',1),(1002,'79275963',340000,'0','2012-02-22',1),(1003,'79275963',100000,'0','2012-03-14',1),(1004,'79275963',320000,'0','2012-03-22',1),(1005,'79275963',340000,'0','2012-04-28',1),(1006,'79275963',340000,'0','2012-05-25',1),(1007,'79275963',200000,'0','2012-06-06',1),(1008,'79275963',150000,'0','2012-07-03',1),(1009,'79275963',200000,'0','2012-07-10',1),(1010,'79275963',150000,'0','2012-07-25',1),(1011,'79275963',200000,'0','2012-08-13',1),(1012,'79275963',200000,'0','2012-08-21',1),(1013,'79275963',202000,'0','2012-09-13',1),(1014,'79275963',150000,'0','2012-09-29',1),(1015,'79275963',140000,'0','2012-10-16',1),(1016,'79275963',200000,'0','2012-10-23',1),(1017,'88173684',160000,'0','2010-05-11',1),(1018,'88173684',170000,'0','2010-06-10',1),(1019,'88173684',117000,'0','2010-07-10',1),(1020,'88173684',117000,'0','2010-08-11',1),(1021,'88173684',287000,'0','2010-09-11',1),(1022,'88173684',287000,'0','2010-10-11',1),(1023,'88173684',287000,'0','2010-11-11',1),(1024,'88173684',287000,'0','2010-12-11',1),(1025,'88173684',287000,'0','2011-01-17',1),(1026,'88173684',287000,'0','2011-02-11',1),(1027,'88173684',287000,'0','2011-03-11',1),(1028,'88173684',287000,'0','2011-04-11',1),(1029,'88173684',287000,'0','2011-05-11',1),(1030,'88173684',287000,'0','2011-06-30',1),(1031,'88173684',287000,'0','2011-07-13',1),(1032,'88173684',287000,'0','2011-08-11',1),(1033,'88173684',287000,'0','2011-09-10',1),(1034,'88173684',287000,'0','2011-10-11',1),(1035,'88173684',350000,'0','2011-11-11',1),(1036,'88173684',287000,'0','2011-12-12',1),(1037,'88173684',287000,'0','2012-01-11',1),(1038,'88173684',287000,'0','2012-02-11',1),(1039,'88173684',287000,'0','2012-03-12',1),(1040,'88173684',287000,'0','2012-04-11',1),(1041,'88173684',323000,'0','2012-05-10',1),(1042,'88173684',287000,'0','2012-06-12',1),(1043,'88173684',287000,'0','2012-07-11',1),(1044,'88173684',287000,'0','2012-08-10',1),(1045,'88173684',287000,'0','2012-09-11',1),(1046,'88173684',287000,'0','2012-10-11',1),(1047,'88173042',200000,'0','2010-06-02',1),(1048,'88173042',280000,'0','2010-07-01',1),(1049,'88173042',280000,'0','2010-08-02',1),(1050,'88173042',280000,'0','2010-09-06',1),(1051,'88173042',280000,'0','2010-10-06',1),(1052,'88173042',280000,'0','2010-11-04',1),(1053,'88173042',280000,'0','2010-12-10',1),(1054,'88173042',280000,'0','2011-01-03',1),(1055,'88173042',280000,'0','2011-02-07',1),(1056,'88173042',280000,'0','2011-03-02',1),(1057,'88173042',280000,'0','2011-04-05',1),(1058,'88173042',280000,'0','2011-05-06',1),(1059,'88173042',280000,'0','2011-06-03',1),(1060,'88173042',280000,'0','2011-07-06',1),(1061,'88173042',46000,'0','2011-07-08',1),(1062,'88173042',280000,'0','2011-08-04',1),(1063,'88173042',280000,'0','2011-09-05',1),(1064,'88173042',280000,'0','2011-10-06',1),(1065,'88173042',280000,'0','2011-11-08',1),(1066,'88173042',280000,'0','2011-12-05',1),(1067,'88173042',280000,'0','2012-01-04',1),(1068,'88173042',280000,'0','2012-02-06',1),(1069,'88173042',280000,'0','2012-03-07',1),(1070,'88173042',280000,'0','2012-04-04',1),(1071,'88173042',280000,'0','2012-05-07',1),(1072,'88173042',280000,'0','2012-06-12',1),(1073,'88173042',33000,'0','2012-06-14',1),(1074,'88173042',280000,'0','2012-07-06',1),(1075,'88173042',280000,'0','2012-08-06',1),(1076,'88173042',280000,'0','2012-09-05',1),(1077,'88173042',280000,'0','2012-10-01',1),(1078,'17582774',112000,'0','2009-10-22',1),(1079,'17582774',85000,'0','2009-11-20',1),(1080,'17582774',82000,'0','2009-12-22',1),(1081,'17582774',82000,'0','2010-01-22',1),(1082,'17582774',202000,'0','2010-02-22',1),(1083,'17582774',201000,'0','2010-03-23',1),(1084,'17582774',200900,'0','2010-04-22',1),(1085,'17582774',201000,'0','2010-05-24',1),(1086,'17582774',201000,'0','2010-06-22',1),(1087,'17582774',200000,'0','2010-07-29',1),(1088,'17582774',205000,'0','2010-08-31',1),(1089,'17582774',200000,'0','2010-09-30',1),(1090,'17582774',233500,'0','2010-11-10',1),(1091,'17582774',357000,'0','2011-01-05',1),(1092,'17582774',250000,'0','2011-03-22',1),(1093,'17582774',200000,'0','2011-04-18',1),(1094,'17582774',231000,'0','2011-05-16',1),(1095,'17582774',210000,'0','2011-06-15',1),(1096,'17582774',250000,'0','2011-07-21',1),(1097,'17582774',362200,'0','2011-08-04',1),(1098,'17582774',100000,'0','2011-09-23',1),(1099,'17582774',200000,'0','2011-10-19',1),(1100,'17582774',200000,'0','2012-01-19',1),(1101,'17582774',250000,'0','2012-03-31',1),(1102,'17582774',300000,'0','2012-05-03',1),(1103,'17582774',100000,'0','2012-05-22',1),(1104,'17582774',200000,'0','2012-06-06',1),(1105,'17582774',500000,'0','2012-07-04',1),(1106,'17582774',200000,'0','2012-08-23',1),(1107,'17582774',110000,'0','2012-08-31',1),(1108,'17582774',450000,'0','2012-10-30',1),(1109,'17333463',288000,'0','2011-06-03',1),(1110,'17333463',190000,'0','2011-07-05',1),(1111,'17333463',180000,'0','2011-08-02',1),(1112,'17333463',180000,'0','2011-09-02',1),(1113,'17333463',416000,'0','2011-10-03',1),(1114,'17333463',416000,'0','2011-11-03',1),(1115,'17333463',416000,'0','2011-12-02',1),(1116,'17333463',416000,'0','2012-01-03',1),(1117,'17333463',416000,'0','2012-02-04',1),(1118,'17333463',416000,'0','2012-03-03',1),(1119,'17333463',416000,'0','2012-04-03',1),(1120,'17333463',416000,'0','2012-05-03',1),(1121,'17333463',511000,'0','2012-06-04',1),(1122,'17333463',416000,'0','2012-07-03',1),(1123,'17333463',416000,'0','2012-08-03',1),(1124,'17333463',416000,'0','2012-09-03',1),(1125,'17333463',416000,'0','2012-10-03',1),(1126,'7361647',160000,'0','2009-07-30',1),(1127,'7361647',117000,'0','2009-08-26',1),(1128,'7361647',117000,'0','2009-09-29',1),(1129,'7361647',117000,'0','2009-10-28',1),(1130,'7361647',287000,'0','2009-11-27',1),(1131,'7361647',287000,'0','2009-12-28',1),(1132,'7361647',287000,'0','2010-01-28',1),(1133,'7361647',280000,'0','2010-03-01',1),(1134,'7361647',285000,'0','2010-03-29',1),(1135,'7361647',287000,'0','2010-04-28',1),(1136,'7361647',289000,'0','2010-05-31',1),(1137,'7361647',287000,'0','2010-06-28',1),(1138,'7361647',338000,'0','2010-07-30',1),(1139,'7361647',287000,'0','2010-08-26',1),(1140,'7361647',291000,'0','2010-10-22',1),(1141,'7361647',287000,'0','2010-10-29',1),(1142,'7361647',287000,'0','2010-12-06',1),(1143,'7361647',290000,'0','2011-02-03',1),(1144,'7361647',287000,'0','2011-03-08',1),(1145,'7361647',287000,'0','2011-04-06',1),(1146,'7361647',287000,'0','2011-05-05',1),(1147,'7361647',287000,'0','2011-05-31',1),(1148,'7361647',287000,'0','2011-07-05',1),(1149,'7361647',290000,'0','2011-10-07',1),(1150,'7361647',287000,'0','2011-11-03',1),(1151,'7361647',300000,'0','2012-02-04',1),(1152,'7361647',287000,'0','2012-03-02',1),(1153,'7361647',287000,'0','2012-04-02',1),(1154,'7361647',1000000,'0','2012-05-09',1),(1155,'7361647',287000,'0','2012-06-04',1),(1156,'7361647',287000,'0','2012-07-03',1),(1157,'7361647',310000,'0','2012-08-04',1),(1158,'7361647',300000,'0','2012-08-17',1),(1159,'7361647',300000,'0','2012-09-06',1),(1160,'7361647',300000,'0','2012-09-17',1),(1161,'7361647',300000,'0','2012-10-03',1),(1162,'7361647',300000,'0','2012-10-17',1),(1163,'17588887',256000,'0','2011-06-09',1),(1164,'17588887',355911,'0','2011-07-06',1),(1165,'17588887',355911,'0','2011-08-08',1),(1166,'17588887',355911,'0','2011-09-05',1),(1167,'17588887',355911,'0','2011-10-03',1),(1168,'17588887',355911,'0','2011-11-01',1),(1169,'17588887',355911,'0','2011-12-06',1),(1170,'17588887',355911,'0','2012-01-10',1),(1171,'17588887',355911,'0','2012-02-03',1),(1172,'17588887',400000,'0','2012-03-23',1),(1173,'17588887',360000,'0','2012-04-09',1),(1174,'17588887',600000,'0','2012-06-22',1),(1175,'17588887',400000,'0','2012-07-06',1),(1176,'17588887',400000,'0','2012-08-08',1),(1177,'17588887',400000,'0','2012-09-06',1),(1178,'68285253',240000,'0','2011-11-10',1),(1179,'68285253',350000,'0','2011-12-09',1),(1180,'68285253',350000,'0','2012-01-10',1),(1181,'68285253',350000,'0','2012-02-07',1),(1182,'68285253',350000,'0','2012-03-09',1),(1183,'68285253',350000,'0','2012-04-09',1),(1184,'68285253',350000,'0','2012-05-04',1),(1185,'68285253',350000,'0','2012-06-05',1),(1186,'68285253',22200,'0','2012-06-07',1),(1187,'68285253',335000,'0','2012-07-06',1),(1188,'68285253',115000,'0','2012-07-06',1),(1189,'68285253',335000,'0','2012-08-03',1),(1190,'68285253',115000,'0','2012-08-03',1),(1191,'68285253',335000,'0','2012-09-13',1),(1192,'68285253',115000,'0','2012-09-13',1),(1193,'68285253',335000,'0','2012-10-19',1),(1194,'68285253',115000,'0','2012-10-19',1),(1195,'68292154',128000,'0','2009-11-10',1),(1196,'68292154',95000,'0','2009-12-09',1),(1197,'68292154',95000,'0','2010-01-12',1),(1198,'68292154',95000,'0','2010-02-13',1),(1199,'68292154',230000,'0','2010-03-27',1),(1200,'68292154',230000,'0','2010-04-24',1),(1201,'68292154',230000,'0','2010-05-13',1),(1202,'68292154',230000,'0','2010-06-23',1),(1203,'68292154',230000,'0','2010-07-14',1),(1204,'68292154',230000,'0','2010-08-11',1),(1205,'68292154',230000,'0','2010-09-11',1),(1206,'68292154',230000,'0','2010-10-11',1),(1207,'68292154',230000,'0','2010-11-09',1),(1208,'68292154',504500,'0','2011-01-18',1),(1209,'68292154',229600,'0','2011-02-12',1),(1210,'68292154',463000,'0','2011-04-04',1),(1211,'68292154',232000,'0','2011-05-25',1),(1212,'68292154',235000,'0','2011-07-11',1),(1213,'68292154',230000,'0','2011-07-25',1),(1214,'68292154',231000,'0','2011-08-20',1),(1215,'68292154',231000,'0','2011-09-16',1),(1216,'68292154',491000,'0','2011-10-25',1),(1217,'68292154',240000,'0','2011-12-19',1),(1218,'68292154',240000,'0','2012-01-17',1),(1219,'68292154',270000,'0','2012-02-20',1),(1220,'68292154',270000,'0','2012-03-16',1),(1221,'68292154',230000,'0','2012-04-17',1),(1222,'68292154',230000,'0','2012-05-17',1),(1223,'68292154',230000,'0','2012-06-21',1),(1224,'68292154',430000,'0','2012-08-02',1),(1225,'68292154',232000,'0','2012-09-19',1),(1226,'68292154',230000,'0','2012-10-17',1),(1227,'23741677',160000,'0','2009-10-16',1),(1228,'23741677',300000,'0','2010-01-15',1),(1229,'23741677',50000,'0','2010-01-19',1),(1230,'23741677',350000,'0','2010-10-06',1),(1231,'23741677',410000,'0','2010-11-09',1),(1232,'23741677',350000,'0','2010-12-29',1),(1233,'23741677',350000,'0','2011-01-17',1),(1234,'23741677',1750200,'0','2011-04-18',1),(1235,'23741677',302000,'0','2011-07-23',1),(1236,'23741677',1840000,'0','2011-10-18',1),(1237,'23741677',260000,'0','2012-01-17',1),(1238,'23741677',500000,'0','2012-05-02',1),(1239,'23741677',1400000,'0','2012-07-04',1),(1240,'23741677',250000,'0','2012-08-01',1),(1241,'17588292',240000,'0','2011-10-11',1),(1242,'17588292',150000,'0','2011-11-10',1),(1243,'17588292',150000,'0','2011-12-09',1),(1244,'17588292',150000,'0','2012-01-10',1),(1245,'17588292',346524,'0','2012-02-13',1),(1246,'17588292',348000,'0','2012-03-09',1),(1247,'17588292',347000,'0','2012-04-11',1),(1248,'17588292',347000,'0','2012-05-11',1),(1249,'17588292',347000,'0','2012-06-08',1),(1250,'17588292',348000,'0','2012-07-11',1),(1251,'17588292',347000,'0','2012-08-10',1),(1252,'17588292',348000,'0','2012-09-11',1),(1253,'17588292',425500,'0','2012-10-11',1),(1254,'18969337',46800,'0','2009-12-15',1),(1255,'18969337',200000,'0','2010-05-06',1),(1256,'18969337',600000,'0','2012-05-23',1),(1257,'18969337',1000000,'0','2012-06-06',1),(1258,'18969337',800000,'0','2012-06-21',1),(1259,'18969337',800000,'0','2012-07-10',1),(1260,'18969337',750000,'0','2012-07-24',1),(1261,'18969337',600000,'0','2012-08-08',1),(1262,'18969337',800000,'0','2012-08-23',1),(1263,'18969337',700000,'0','2012-09-08',1),(1264,'18969337',500000,'0','2012-09-21',1),(1265,'17587298',160000,'0','2009-08-14',1),(1266,'17587298',224000,'0','2009-09-16',1),(1267,'17587298',222000,'0','2009-10-17',1),(1268,'17587298',224000,'0','2009-11-20',1),(1269,'17587298',222000,'0','2009-12-16',1),(1270,'17587298',222000,'0','2010-01-19',1),(1271,'17587298',222000,'0','2010-02-17',1),(1272,'17587298',222000,'0','2010-03-17',1),(1273,'17587298',222000,'0','2010-04-16',1),(1274,'17587298',250000,'0','2010-09-07',1),(1275,'17587298',300000,'0','2010-09-16',1),(1276,'17587298',300000,'0','2010-09-29',1),(1277,'17587298',268000,'0','2010-11-16',1),(1278,'17587298',768000,'0','2011-01-04',1),(1279,'17587298',222000,'0','2011-02-02',1),(1280,'17587298',224500,'0','2011-03-07',1),(1281,'17587298',260000,'0','2011-04-04',1),(1282,'17587298',454000,'0','2011-06-15',1),(1283,'17587298',260000,'0','2011-08-02',1),(1284,'17587298',490000,'0','2011-12-02',1),(1285,'17587298',250000,'0','2012-01-06',1),(1286,'17587298',200000,'0','2012-01-19',1),(1287,'17587298',643000,'0','2012-02-20',1),(1288,'17587298',200000,'0','2012-03-13',1),(1289,'17587298',477000,'0','2012-04-18',1),(1290,'17587298',225000,'0','2012-05-31',1),(1291,'17587298',448000,'0','2012-07-24',1),(1292,'17587298',253000,'0','2012-09-06',1),(1293,'17587298',275000,'0','2012-10-31',1),(1294,'10556050',240000,'0','2011-09-26',1),(1295,'10556050',334000,'0','2011-10-26',1),(1296,'10556050',334000,'0','2011-11-26',1),(1297,'10556050',334000,'0','2011-12-28',1),(1298,'10556050',335000,'0','2012-01-30',1),(1299,'10556050',334000,'0','2012-02-29',1),(1300,'10556050',334000,'0','2012-03-28',1),(1301,'10556050',334000,'0','2012-04-27',1),(1302,'10556050',336000,'0','2012-06-01',1),(1303,'10556050',334000,'0','2012-06-30',1),(1304,'10556050',334000,'0','2012-07-24',1),(1305,'10556050',334000,'0','2012-08-27',1),(1306,'10556050',415000,'0','2012-09-29',1),(1307,'10556050',335000,'0','2012-10-30',1),(1308,'91001390',53300,'0','2012-03-26',1),(1309,'91001390',275000,'0','2012-04-24',1),(1310,'91001390',275000,'0','2012-05-17',1),(1311,'91001390',280000,'0','2012-06-23',1),(1312,'91001390',280000,'0','2012-07-23',1),(1313,'91001390',300000,'0','2012-08-23',1),(1314,'91001390',300000,'0','2012-09-25',1),(1315,'91001390',300000,'0','2012-10-22',1),(1316,'1116774514',144000,'0','2011-06-21',1),(1317,'1116774514',90000,'0','2011-07-21',1),(1318,'1116774514',144000,'0','2011-07-21',1),(1319,'1116774514',90000,'0','2011-08-20',1),(1320,'1116774514',90000,'0','2011-08-22',1),(1321,'1116774514',90000,'0','2011-09-21',1),(1322,'1116774514',90000,'0','2011-09-21',1),(1323,'1116774514',210000,'0','2011-10-21',1),(1324,'1116774514',90000,'0','2011-10-21',1),(1325,'1116774514',207000,'0','2011-11-21',1),(1326,'1116774514',208900,'0','2011-11-21',1),(1327,'1116774514',207900,'0','2011-12-21',1),(1328,'1116774514',208000,'0','2011-12-21',1),(1329,'1116774514',207900,'0','2012-01-21',1),(1330,'1116774514',208000,'0','2012-01-21',1),(1331,'1116774514',208000,'0','2012-02-20',1),(1332,'1116774514',207900,'0','2012-02-20',1),(1333,'1116774514',207950,'0','2012-03-20',1),(1334,'1116774514',207950,'0','2012-03-20',1),(1335,'1116774514',207950,'0','2012-04-20',1),(1336,'1116774514',207950,'0','2012-04-20',1),(1337,'1116774514',207950,'0','2012-05-19',1),(1338,'1116774514',207950,'0','2012-05-19',1),(1339,'1116774514',255285,'0','2012-06-21',1),(1340,'1116774514',207915,'0','2012-06-21',1),(1341,'1116774514',208700,'0','2012-07-21',1),(1342,'1116774514',254500,'0','2012-07-21',1),(1343,'1116774514',207900,'0','2012-08-21',1),(1344,'1116774514',208000,'0','2012-08-21',1),(1345,'1116774514',250000,'0','2012-09-20',1),(1346,'1116774514',250000,'0','2012-09-20',1),(1347,'1116774514',250000,'0','2012-10-16',1),(1348,'1116774514',250000,'0','2012-10-16',1),(1349,'17593533',118800,'0','2012-07-05',1),(1350,'17593533',441000,'0','2012-08-02',1),(1351,'17593533',441000,'0','2012-09-04',1),(1352,'17593533',441000,'0','2012-10-05',1),(1353,'37240637',272000,'0','2010-05-18',1),(1354,'37240637',379000,'0','2010-06-18',1),(1355,'37240637',378000,'0','2010-07-19',1),(1356,'37240637',378000,'0','2010-08-19',1),(1357,'37240637',379000,'0','2010-09-24',1),(1358,'37240637',379000,'0','2010-10-21',1),(1359,'37240637',378000,'0','2010-11-12',1),(1360,'37240637',388000,'0','2011-01-31',1),(1361,'37240637',757000,'0','2011-02-22',1),(1362,'37240637',380000,'0','2011-03-31',1),(1363,'37240637',383000,'0','2011-04-18',1),(1364,'37240637',463500,'0','2011-05-18',1),(1365,'37240637',380500,'0','2011-06-23',1),(1366,'37240637',380000,'0','2011-07-22',1),(1367,'37240637',380000,'0','2011-08-18',1),(1368,'37240637',380000,'0','2011-09-20',1),(1369,'37240637',380000,'0','2011-10-19',1),(1370,'37240637',380000,'0','2011-11-19',1),(1371,'37240637',380000,'0','2011-12-20',1),(1372,'37240637',800000,'0','2012-03-20',1),(1373,'37240637',400000,'0','2012-04-18',1),(1374,'37240637',400000,'0','2012-05-19',1),(1375,'37240637',400000,'0','2012-06-20',1),(1376,'37240637',400000,'0','2012-07-03',1),(1377,'37240637',400000,'0','2012-07-19',1),(1378,'37240637',48000,'0','2012-08-06',1),(1379,'37240637',400000,'0','2012-08-21',1),(1380,'37240637',180000,'0','2012-09-07',1),(1381,'37240637',400000,'0','2012-10-18',1),(1382,'13642692',112000,'0','2009-08-05',1),(1383,'13642692',170000,'0','2009-09-07',1),(1384,'13642692',160000,'0','2009-10-06',1),(1385,'13642692',160000,'0','2009-11-05',1),(1386,'13642692',165000,'0','2009-12-09',1),(1387,'13642692',160000,'0','2010-01-09',1),(1388,'13642692',170000,'0','2010-02-08',1),(1389,'13642692',170000,'0','2010-03-09',1),(1390,'13642692',170000,'0','2010-04-05',1),(1391,'13642692',170000,'0','2010-05-06',1),(1392,'13642692',170000,'0','2010-06-02',1),(1393,'13642692',170000,'0','2010-07-13',1),(1394,'13642692',170000,'0','2010-08-09',1),(1395,'13642692',170000,'0','2010-09-07',1),(1396,'13642692',170000,'0','2010-10-05',1),(1397,'13642692',170000,'0','2010-11-11',1),(1398,'13642692',170000,'0','2010-12-10',1),(1399,'13642692',170000,'0','2011-01-13',1),(1400,'13642692',170000,'0','2011-02-08',1),(1401,'13642692',175000,'0','2011-03-10',1),(1402,'13642692',170000,'0','2011-04-06',1),(1403,'13642692',170000,'0','2011-05-06',1),(1404,'13642692',170000,'0','2011-07-09',1),(1405,'13642692',220000,'0','2011-08-08',1),(1406,'13642692',170000,'0','2011-09-08',1),(1407,'13642692',170000,'0','2011-10-10',1),(1408,'13642692',170000,'0','2011-11-10',1),(1409,'13642692',170000,'0','2011-12-09',1),(1410,'13642692',150000,'0','2012-01-12',1),(1411,'13642692',200000,'0','2012-02-09',1),(1412,'13642692',170000,'0','2012-03-08',1),(1413,'13642692',170000,'0','2012-04-11',1),(1414,'13642692',170000,'0','2012-05-09',1),(1415,'13642692',170000,'0','2012-06-13',1),(1416,'13642692',170000,'0','2012-07-12',1),(1417,'13642692',200000,'0','2012-08-10',1),(1418,'13642692',180000,'0','2012-09-07',1),(1419,'13642692',170000,'0','2012-10-03',1),(1420,'17545897',240000,'0','2011-10-10',1),(1421,'17545897',150000,'0','2011-11-08',1),(1422,'17545897',150000,'0','2011-12-12',1),(1423,'17545897',150000,'0','2012-01-11',1),(1424,'17545897',347000,'0','2012-02-10',1),(1425,'17545897',347000,'0','2012-03-10',1),(1426,'17545897',350000,'0','2012-04-10',1),(1427,'17545897',347000,'0','2012-05-04',1),(1428,'17545897',347000,'0','2012-06-08',1),(1429,'17545897',347000,'0','2012-07-09',1),(1430,'17545897',347000,'0','2012-08-10',1),(1431,'17545897',347000,'0','2012-09-14',1),(1432,'17545897',426000,'0','2012-10-08',1),(1433,'8631073',31080,'0','2009-11-11',2),(1434,'8631073',122000,'0','2009-12-30',1),(1435,'8631073',122000,'0','2010-01-30',1),(1436,'8631073',125000,'0','2010-02-27',1),(1437,'8631073',150000,'0','2010-06-16',1),(1438,'8631073',300000,'0','2010-07-31',1),(1439,'8631073',200000,'0','2010-09-01',1),(1440,'8631073',216000,'0','2010-10-01',1),(1441,'8631073',125000,'0','2010-10-29',1),(1442,'8631073',250000,'0','2010-12-16',1),(1443,'8631073',125000,'0','2010-12-29',1),(1444,'8631073',125000,'0','2011-02-03',1),(1445,'8631073',125000,'0','2011-03-01',1),(1446,'8631073',130000,'0','2011-03-31',1),(1447,'8631073',130000,'0','2011-05-09',1),(1448,'8631073',125000,'0','2011-06-02',1),(1449,'8631073',125000,'0','2011-07-30',1),(1450,'8631073',130000,'0','2011-09-02',1),(1451,'8631073',123000,'0','2011-10-14',1),(1452,'8631073',250000,'0','2011-11-01',1),(1453,'8631073',125000,'0','2011-12-16',1),(1454,'8631073',125000,'0','2012-01-03',1),(1455,'8631073',130000,'0','2012-02-15',1),(1456,'8631073',125000,'0','2012-03-02',1),(1457,'8631073',250000,'0','2012-05-31',1),(1458,'8631073',125000,'0','2012-06-30',1),(1459,'8631073',125000,'0','2012-08-01',1),(1460,'8631073',250000,'0','2012-10-13',1),(1461,'17584061',90000,'0','2012-03-13',1),(1462,'17584061',340000,'0','2012-04-12',1),(1463,'17584061',350000,'0','2012-05-12',1),(1464,'17584061',350000,'0','2012-07-12',1),(1465,'17584061',350000,'0','2012-10-09',1),(1466,'60331318',160000,'0','2010-06-11',1),(1467,'60331318',160000,'0','2010-07-12',1),(1468,'60331318',116700,'0','2010-08-11',1),(1469,'60331318',116700,'0','2010-09-14',1),(1470,'60331318',287000,'0','2010-10-12',1),(1471,'60331318',286921,'0','2010-11-16',1),(1472,'60331318',287000,'0','2010-12-13',1),(1473,'60331318',286921,'0','2011-01-24',1),(1474,'60331318',286921,'0','2011-02-16',1),(1475,'60331318',286950,'0','2011-03-15',1),(1476,'60331318',287000,'0','2011-04-12',1),(1477,'60331318',287000,'0','2011-05-26',1),(1478,'60331318',337287,'0','2011-06-13',1),(1479,'60331318',287000,'0','2011-07-13',1),(1480,'60331318',287000,'0','2011-08-18',1),(1481,'60331318',287000,'0','2011-09-19',1),(1482,'60331318',287000,'0','2011-10-18',1),(1483,'60331318',287000,'0','2011-11-11',1),(1484,'60331318',287000,'0','2011-12-15',1),(1485,'60331318',288000,'0','2012-01-16',1),(1486,'60331318',300000,'0','2012-02-16',1),(1487,'60331318',287000,'0','2012-03-15',1),(1488,'60331318',287000,'0','2012-04-17',1),(1489,'60331318',287000,'0','2012-05-16',1),(1490,'60331318',290000,'0','2012-06-12',1),(1491,'60331318',322800,'0','2012-07-10',1),(1492,'60331318',287000,'0','2012-08-11',1),(1493,'60331318',287000,'0','2012-09-11',1),(1494,'60331318',290000,'0','2012-10-17',1),(1495,'13444454',288000,'0','2011-10-07',1),(1496,'13444454',540000,'0','2011-11-08',1),(1497,'13444454',415828,'0','2011-12-09',1),(1498,'13444454',415828,'0','2012-01-10',1),(1499,'13444454',415828,'0','2012-02-07',1),(1500,'13444454',415829,'0','2012-03-08',1),(1501,'13444454',415828,'0','2012-04-10',1),(1502,'13444454',415828,'0','2012-05-07',1),(1503,'13444454',415827,'0','2012-06-07',1),(1504,'13444454',415829,'0','2012-07-09',1),(1505,'13444454',415829,'0','2012-08-08',1),(1506,'13444454',510527,'0','2012-09-07',1),(1507,'13444454',415828,'0','2012-10-08',1),(1508,'17585059',160000,'0','2010-05-11',1),(1509,'17585059',116700,'0','2010-06-10',1),(1510,'17585059',116700,'0','2010-07-10',1),(1511,'17585059',116700,'0','2010-08-09',1),(1512,'17585059',286921,'0','2010-09-10',1),(1513,'17585059',286921,'0','2010-10-09',1),(1514,'17585059',286921,'0','2010-11-10',1),(1515,'17585059',287000,'0','2010-12-10',1),(1516,'17585059',287000,'0','2011-01-11',1),(1517,'17585059',287000,'0','2011-02-11',1),(1518,'17585059',287000,'0','2011-03-11',1),(1519,'17585059',287000,'0','2011-04-11',1),(1520,'17585059',337300,'0','2011-05-11',1),(1521,'17585059',287000,'0','2011-06-17',1),(1522,'17585059',290000,'0','2011-07-15',1),(1523,'17585059',578000,'0','2011-09-09',1),(1524,'17585059',287000,'0','2011-10-10',1),(1525,'17585059',287000,'0','2011-11-10',1),(1526,'17585059',287500,'0','2011-12-12',1),(1527,'17585059',287000,'0','2012-01-11',1),(1528,'17585059',287000,'0','2012-02-11',1),(1529,'17585059',287000,'0','2012-03-12',1),(1530,'17585059',287000,'0','2012-04-11',1),(1531,'17585059',286921,'0','2012-05-12',1),(1532,'17585059',326000,'0','2012-06-13',1),(1533,'17585059',287000,'0','2012-07-16',1),(1534,'17585059',290000,'0','2012-08-14',1),(1535,'17585059',287000,'0','2012-09-12',1),(1536,'17585059',287000,'0','2012-10-18',1),(1537,'17584112',192000,'0','2010-05-05',1),(1538,'17584112',280000,'0','2010-08-05',1),(1539,'17584112',840000,'0','2010-12-28',1),(1540,'17584112',280000,'0','2011-01-28',1),(1541,'17584112',600000,'0','2011-02-15',1),(1542,'17584112',300000,'0','2011-02-22',1),(1543,'17584112',900000,'0','2011-06-28',1),(1544,'17584112',340000,'0','2011-07-15',1),(1545,'17584112',300000,'0','2011-07-29',1),(1546,'17584112',300000,'0','2011-08-12',1),(1547,'17584112',200000,'0','2011-09-28',1),(1548,'17584112',200000,'0','2011-10-18',1),(1549,'17584112',270000,'0','2011-11-29',1),(1550,'17584112',530000,'0','2011-12-28',1),(1551,'17584112',270000,'0','2012-01-27',1),(1552,'17584112',270000,'0','2012-05-15',1),(1553,'17584112',270000,'0','2012-06-15',1),(1554,'17584112',270000,'0','2012-07-14',1),(1555,'17584112',320000,'0','2012-07-27',1),(1556,'17584112',270000,'0','2012-08-15',1),(1557,'96166793',288000,'0','2010-05-21',1),(1558,'96166793',400400,'0','2010-06-21',1),(1559,'96166793',400400,'0','2010-07-21',1),(1560,'96166793',400400,'0','2010-08-20',1),(1561,'96166793',400400,'0','2010-09-21',1),(1562,'96166793',400400,'0','2010-10-21',1),(1563,'96166793',400400,'0','2010-11-19',1),(1564,'96166793',400400,'0','2010-12-20',1),(1565,'96166793',400400,'0','2011-01-18',1),(1566,'96166793',400400,'0','2011-02-21',1),(1567,'96166793',400400,'0','2011-03-22',1),(1568,'96166793',400400,'0','2011-04-20',1),(1569,'96166793',491629,'0','2011-05-21',1),(1570,'96166793',400400,'0','2011-06-21',1),(1571,'96166793',402500,'0','2011-07-21',1),(1572,'96166793',401000,'0','2011-08-22',1),(1573,'96166793',400400,'0','2011-09-21',1),(1574,'96166793',400400,'0','2011-10-21',1),(1575,'96166793',400401,'0','2011-11-21',1),(1576,'96166793',400400,'0','2011-12-21',1),(1577,'96166793',400400,'0','2012-01-13',1),(1578,'96166793',400400,'0','2012-02-21',1),(1579,'96166793',400400,'0','2012-03-20',1),(1580,'96166793',400400,'0','2012-04-23',1),(1581,'96166793',475000,'0','2012-05-22',1),(1582,'96166793',401000,'0','2012-06-25',1),(1583,'96166793',401000,'0','2012-07-23',1),(1584,'96166793',404000,'0','2012-09-17',1),(1585,'96166793',401000,'0','2012-09-24',1),(1586,'96166793',400600,'0','2012-10-22',1),(1587,'17587541',36187,'0','2009-12-30',1),(1588,'17587541',720000,'0','2010-07-07',1),(1589,'17587541',600000,'0','2011-04-11',1),(1590,'17587541',250000,'0','2011-05-19',1),(1591,'17587541',300000,'0','2011-07-05',1),(1592,'17587541',500000,'0','2011-07-25',1),(1593,'17587541',400000,'0','2011-08-29',1),(1594,'17587541',400000,'0','2011-09-28',1),(1595,'17587541',1000000,'0','2012-04-17',1),(1596,'17587541',500000,'0','2012-06-04',1),(1597,'17587541',500000,'0','2012-06-30',1),(1598,'17587541',500000,'0','2012-10-31',1),(1599,'17591427',62435,'0','2009-11-24',1),(1600,'17591427',226000,'0','2009-12-14',1),(1601,'17591427',226000,'0','2010-01-26',1),(1602,'17591427',226000,'0','2010-03-10',1),(1603,'17591427',226000,'0','2010-05-04',1),(1604,'17591427',227000,'0','2010-06-09',1),(1605,'17591427',227000,'0','2010-07-16',1),(1606,'17591427',691000,'0','2010-09-10',1),(1607,'17591427',230000,'0','2010-11-10',1),(1608,'17591427',480000,'0','2010-12-30',1),(1609,'17591427',460000,'0','2011-01-17',1),(1610,'17591427',400000,'0','2011-03-02',1),(1611,'17591427',500000,'0','2011-05-09',1),(1612,'17591427',500000,'0','2011-07-06',1),(1613,'17591427',400000,'0','2011-11-16',1),(1614,'17591427',400000,'0','2012-02-23',1),(1615,'17591427',600000,'0','2012-05-08',1),(1616,'17591427',400000,'0','2012-08-28',1),(1617,'9521850',524960,'0','2007-02-14',1),(1618,'9521850',261362,'0','2007-03-30',1),(1619,'9521850',261271,'0','2007-04-30',1),(1620,'9521850',262200,'0','2007-06-01',1),(1621,'9521850',263210,'0','2007-06-28',1),(1622,'9521850',260800,'0','2007-08-01',1),(1623,'9521850',262850,'0','2007-08-27',1),(1624,'9521850',260801,'0','2007-10-08',1),(1625,'9521850',263602,'0','2007-10-30',1),(1626,'9521850',522150,'0','2008-01-02',1),(1627,'9521850',264335,'0','2008-01-30',1),(1628,'9521850',521646,'0','2008-04-01',1),(1629,'9521850',263831,'0','2008-04-30',1),(1630,'9521850',785042,'0','2008-08-04',1),(1631,'9521850',260000,'0','2008-09-02',1),(1632,'9521850',529841,'0','2008-11-05',1),(1633,'9521850',789300,'0','2009-02-18',1),(1634,'9521850',1050000,'0','2009-08-03',1),(1635,'9521850',300000,'0','2009-10-06',1),(1636,'9521850',1000000,'0','2010-01-29',1),(1637,'3273457',96000,'0','2009-11-18',1),(1638,'3273457',134000,'0','2009-12-18',1),(1639,'3273457',96000,'0','2009-12-18',1),(1640,'3273457',133000,'0','2010-01-18',1),(1641,'3273457',134000,'0','2010-01-18',1),(1642,'3273457',134000,'0','2010-02-19',1),(1643,'3273457',133000,'0','2010-02-19',1),(1644,'3273457',64000,'0','2010-02-19',1),(1645,'3273457',133000,'0','2010-03-17',1),(1646,'3273457',134000,'0','2010-03-17',1),(1647,'3273457',89000,'0','2010-03-17',1),(1648,'3273457',133500,'0','2010-04-15',1),(1649,'3273457',133500,'0','2010-04-15',1),(1650,'3273457',89000,'0','2010-04-15',1),(1651,'3273457',134000,'0','2010-05-18',1),(1652,'3273457',134000,'0','2010-05-18',1),(1653,'3273457',89000,'0','2010-05-18',1),(1654,'3273457',133000,'0','2010-06-17',1),(1655,'3273457',133000,'0','2010-06-17',1),(1656,'3273457',89000,'0','2010-06-17',1),(1657,'3273457',133500,'0','2010-07-16',1),(1658,'3273457',133500,'0','2010-07-16',1),(1659,'3273457',89000,'0','2010-07-16',1),(1660,'3273457',133500,'0','2010-08-18',1),(1661,'3273457',133500,'0','2010-08-18',1),(1662,'3273457',89000,'0','2010-08-18',1),(1663,'3273457',133500,'0','2010-09-17',1),(1664,'3273457',133500,'0','2010-09-17',1),(1665,'3273457',89000,'0','2010-09-17',1),(1666,'3273457',133550,'0','2010-10-19',1),(1667,'3273457',133550,'0','2010-10-19',1),(1668,'3273457',89000,'0','2010-10-19',1),(1669,'3273457',167000,'0','2010-12-30',1),(1670,'3273457',132000,'0','2010-12-30',1),(1671,'3273457',92000,'0','2010-12-30',1),(1672,'3273457',135300,'0','2011-01-17',1),(1673,'3273457',164700,'0','2011-01-17',1),(1674,'3273457',176500,'0','2011-02-21',1),(1675,'3273457',183500,'0','2011-02-21',1),(1676,'3273457',203000,'0','2011-03-22',1),(1677,'3273457',67000,'0','2011-03-22',1),(1678,'3273457',90000,'0','2011-03-22',1),(1679,'3273457',169000,'0','2011-04-18',1),(1680,'3273457',135000,'0','2011-04-18',1),(1681,'3273457',56000,'0','2011-04-18',1),(1682,'3273457',139700,'0','2011-06-16',1),(1683,'3273457',139200,'0','2011-06-16',1),(1684,'3273457',81100,'0','2011-06-16',1),(1685,'3273457',121000,'0','2011-07-18',1),(1686,'3273457',120300,'0','2011-07-18',1),(1687,'3273457',118700,'0','2011-07-18',1),(1688,'3273457',154200,'0','2011-08-17',1),(1689,'3273457',151800,'0','2011-08-17',1),(1690,'3273457',54000,'0','2011-08-17',1),(1691,'3273457',70700,'0','2011-09-16',1),(1692,'3273457',140800,'0','2011-09-16',1),(1693,'3273457',148500,'0','2011-09-16',1),(1694,'3273457',180000,'0','2011-10-18',1),(1695,'3273457',180000,'0','2011-10-18',1),(1696,'3273457',162850,'0','2011-11-16',1),(1697,'3273457',13600,'0','2011-11-16',1),(1698,'3273457',183550,'0','2011-11-16',1),(1699,'3273457',165000,'0','2011-12-14',1),(1700,'3273457',195000,'0','2011-12-14',1),(1701,'3273457',151000,'0','2012-01-17',1),(1702,'3273457',209000,'0','2012-01-17',1),(1703,'3273457',41000,'0','2012-02-15',1),(1704,'3273457',163000,'0','2012-02-15',1),(1705,'3273457',156000,'0','2012-02-15',1),(1706,'3273457',229200,'0','2012-03-15',1),(1707,'3273457',44300,'0','2012-03-15',1),(1708,'3273457',119500,'0','2012-03-15',1),(1709,'3273457',136000,'0','2012-04-16',1),(1710,'3273457',229000,'0','2012-04-16',1),(1711,'3273457',135650,'0','2012-05-16',1),(1712,'3273457',42000,'0','2012-05-16',1),(1713,'3273457',182350,'0','2012-05-16',1),(1714,'3273457',135600,'0','2012-06-15',1),(1715,'3273457',134750,'0','2012-06-15',1),(1716,'3273457',89650,'0','2012-06-15',1),(1717,'3273457',135500,'0','2012-07-12',1),(1718,'3273457',153700,'0','2012-07-12',1),(1719,'3273457',90800,'0','2012-07-12',1),(1720,'3273457',135700,'0','2012-08-13',1),(1721,'3273457',215100,'0','2012-08-13',1),(1722,'3273457',29200,'0','2012-08-13',1),(1723,'3273457',135500,'0','2012-09-12',1),(1724,'3273457',135550,'0','2012-09-12',1),(1725,'3273457',108950,'0','2012-09-12',1),(1726,'3273457',136500,'0','2012-10-16',1),(1727,'3273457',136500,'0','2012-10-16',1),(1728,'3273457',107000,'0','2012-10-16',1),(1729,'19362035',55712,'0','2010-01-29',1),(1730,'19362035',209000,'0','2010-02-26',1),(1731,'19362035',209200,'0','2010-03-29',1),(1732,'19362035',209200,'0','2010-04-29',1),(1733,'19362035',209200,'0','2010-05-31',1),(1734,'19362035',209200,'0','2010-06-17',1),(1735,'19362035',220000,'0','2010-07-29',1),(1736,'19362035',213000,'0','2010-08-30',1),(1737,'19362035',209000,'0','2010-09-29',1),(1738,'19362035',213000,'0','2010-11-04',1),(1739,'19362035',209000,'0','2010-11-26',1),(1740,'19362035',209300,'0','2010-12-28',1),(1741,'19362035',255000,'0','2011-02-01',1),(1742,'19362035',178250,'0','2011-02-28',1),(1743,'19362035',180000,'0','2011-05-04',1),(1744,'19362035',180000,'0','2011-05-04',1),(1745,'19362035',300000,'0','2011-07-19',1),(1746,'19362035',480000,'0','2011-09-20',1),(1747,'19362035',500000,'0','2011-12-29',1),(1748,'19362035',300000,'0','2012-06-12',1),(1749,'19362035',300000,'0','2012-07-03',1),(1750,'19362035',500000,'0','2012-07-06',1),(1751,'19362035',392000,'0','2012-07-30',1),(1752,'19362035',200000,'0','2012-08-29',1),(1753,'19362035',200000,'0','2012-10-02',1),(1754,'91215525',160000,'0','2010-05-11',1),(1755,'91215525',120000,'0','2010-06-01',1),(1756,'91215525',120000,'0','2010-07-06',1),(1757,'91215525',120000,'0','2010-08-02',1),(1758,'91215525',280000,'0','2010-09-15',1),(1759,'91215525',285000,'0','2010-10-19',1),(1760,'91215525',290000,'0','2010-11-13',1),(1761,'91215525',300000,'0','2010-12-16',1),(1762,'91215525',300000,'0','2011-01-15',1),(1763,'91215525',300000,'0','2011-02-15',1),(1764,'91215525',250000,'0','2011-03-15',1),(1765,'91215525',300000,'0','2011-04-16',1),(1766,'91215525',325000,'0','2011-05-02',1),(1767,'91215525',300000,'0','2011-06-15',1),(1768,'91215525',300000,'0','2011-07-15',1),(1769,'91215525',300000,'0','2011-08-16',1),(1770,'91215525',300000,'0','2011-09-16',1),(1771,'91215525',300000,'0','2011-10-14',1),(1772,'91215525',300000,'0','2011-11-15',1),(1773,'91215525',300000,'0','2011-12-16',1),(1774,'91215525',300000,'0','2012-01-25',1),(1775,'91215525',300000,'0','2012-02-16',1),(1776,'91215525',300000,'0','2012-03-31',1),(1777,'91215525',300000,'0','2012-05-11',1),(1778,'91215525',300000,'0','2012-06-16',1),(1779,'91215525',300000,'0','2012-07-18',1),(1780,'91215525',300000,'0','2012-08-15',1),(1781,'91215525',300000,'0','2012-09-18',1),(1782,'91215525',300000,'0','2012-10-12',1),(1783,'24242579',240000,'0','2011-10-04',1),(1784,'24242579',334000,'0','2011-11-04',1),(1785,'24242579',335000,'0','2011-12-05',1),(1786,'24242579',334000,'0','2012-01-05',1),(1787,'24242579',334000,'0','2012-02-06',1),(1788,'24242579',334000,'0','2012-03-07',1),(1789,'24242579',334000,'0','2012-04-10',1),(1790,'24242579',334000,'0','2012-05-09',1),(1791,'24242579',334000,'0','2012-06-08',1),(1792,'24242579',334000,'0','2012-07-06',1),(1793,'24242579',334000,'0','2012-08-08',1),(1794,'24242579',300000,'0','2012-09-05',1),(1795,'24242579',409000,'0','2012-10-10',1),(1796,'6432299',17839,'0','2010-01-18',1),(1797,'6432299',180000,'0','2010-02-20',1),(1798,'6432299',180000,'0','2010-04-17',1),(1799,'6432299',180000,'0','2010-05-18',1),(1800,'6432299',180000,'0','2010-06-19',1),(1801,'6432299',300000,'0','2010-09-21',1),(1802,'6432299',300000,'0','2010-12-20',1),(1803,'6432299',360000,'0','2011-03-14',1),(1804,'6432299',400000,'0','2012-06-28',1),(1805,'6432299',200000,'0','2012-08-08',1),(1806,'17587337',42211,'0','2012-03-20',1),(1807,'17587337',195000,'0','2012-04-21',1),(1808,'17587337',195000,'0','2012-06-02',1),(1809,'17587337',195000,'0','2012-06-30',1),(1810,'17587337',200000,'0','2012-07-19',1),(1811,'17587337',200000,'0','2012-08-21',1),(1812,'17587337',200000,'0','2012-10-03',1),(1813,'91461508',8750,'0','2009-09-29',2),(1814,'91461508',50000,'0','2009-10-29',1),(1815,'91461508',50000,'0','2009-11-28',1),(1816,'91461508',45000,'0','2009-12-29',1),(1817,'91461508',50000,'0','2010-01-29',1),(1818,'91461508',50000,'0','2010-03-01',1),(1819,'91461508',45000,'0','2010-03-30',1),(1820,'91461508',50000,'0','2010-04-30',1),(1821,'91461508',50000,'0','2010-05-31',1),(1822,'91461508',50000,'0','2010-07-02',1),(1823,'91461508',45000,'0','2010-08-02',1),(1824,'91461508',50000,'0','2010-09-02',1),(1825,'91461508',50000,'0','2010-10-04',1),(1826,'91461508',50000,'0','2010-11-04',1),(1827,'91461508',50000,'0','2010-12-06',1),(1828,'91461508',50000,'0','2010-12-29',1),(1829,'91461508',100000,'0','2011-01-26',1),(1830,'91461508',40000,'0','2011-04-06',1),(1831,'91461508',50000,'0','2011-04-20',1),(1832,'91461508',50000,'0','2011-05-03',1),(1833,'91461508',50000,'0','2011-06-04',1),(1834,'91461508',100000,'0','2011-07-18',1),(1835,'91461508',150000,'0','2011-10-24',1),(1836,'91461508',100000,'0','2011-12-29',1),(1837,'91461508',100000,'0','2012-03-30',1),(1838,'17594753',288000,'0','2011-10-04',1),(1839,'17594753',401000,'0','2011-11-04',1),(1840,'17594753',401000,'0','2011-12-02',1),(1841,'17594753',401000,'0','2012-01-05',1),(1842,'17594753',401000,'0','2012-02-06',1),(1843,'17594753',402000,'0','2012-03-17',1),(1844,'17594753',401000,'0','2012-04-04',1),(1845,'17594753',400000,'0','2012-05-03',1),(1846,'17594753',405000,'0','2012-06-02',1),(1847,'17594753',500000,'0','2012-07-06',1),(1848,'17594753',402000,'0','2012-08-04',1),(1849,'17594753',401000,'0','2012-09-04',1),(1850,'17594753',401000,'0','2012-10-04',1),(1851,'12968434',128000,'0','2010-05-11',1),(1852,'12968434',93400,'0','2010-06-11',1),(1853,'12968434',94000,'0','2010-07-12',1),(1854,'12968434',94000,'0','2010-08-13',1),(1855,'12968434',206000,'0','2010-10-21',1),(1856,'12968434',200000,'0','2010-11-02',1),(1857,'12968434',234000,'0','2010-11-24',1),(1858,'12968434',291000,'0','2010-12-29',1),(1859,'12968434',240000,'0','2011-03-11',1),(1860,'12968434',270000,'0','2011-04-07',1),(1861,'12968434',600000,'0','2011-07-27',1),(1862,'12968434',300000,'0','2011-08-10',1),(1863,'12968434',300000,'0','2011-08-31',1),(1864,'12968434',200000,'0','2011-10-13',1),(1865,'12968434',300000,'0','2011-11-30',1),(1866,'12968434',300000,'0','2012-01-12',1),(1867,'12968434',300000,'0','2012-04-17',1),(1868,'12968434',250000,'0','2012-05-17',1),(1869,'12968434',400000,'0','2012-06-26',1),(1870,'12968434',300000,'0','2012-09-13',1),(1871,'91153508',102000,'0','2012-07-03',1),(1872,'91153508',380000,'0','2012-08-06',1),(1873,'91153508',2000000,'0','2012-09-20',1),(1874,'91000572',240000,'0','2011-06-09',1),(1875,'91000572',150000,'0','2011-07-09',1),(1876,'91000572',150000,'0','2011-08-09',1),(1877,'91000572',150000,'0','2011-09-19',1),(1878,'91000572',350000,'0','2011-10-10',1),(1879,'91000572',350000,'0','2011-11-15',1),(1880,'91000572',350000,'0','2011-12-26',1),(1881,'91000572',350000,'0','2012-01-23',1),(1882,'91000572',350000,'0','2012-02-23',1),(1883,'91000572',350000,'0','2012-03-17',1),(1884,'91000572',350000,'0','2012-04-11',1),(1885,'91000572',350000,'0','2012-05-24',1),(1886,'91000572',350000,'0','2012-06-20',1),(1887,'91000572',410000,'0','2012-07-10',1),(1888,'91000572',350000,'0','2012-08-10',1),(1889,'91000572',350000,'0','2012-09-25',1),(1890,'91000572',350000,'0','2012-10-22',1),(1891,'96188338',160000,'0','2009-11-19',1),(1892,'96188338',223000,'0','2009-12-17',1),(1893,'96188338',223000,'0','2010-01-19',1),(1894,'96188338',223000,'0','2010-02-19',1),(1895,'96188338',223000,'0','2010-03-18',1),(1896,'96188338',223000,'0','2010-04-19',1),(1897,'96188338',223000,'0','2010-05-18',1),(1898,'96188338',223000,'0','2010-06-17',1),(1899,'96188338',223000,'0','2010-07-16',1),(1900,'96188338',223000,'0','2010-08-19',1),(1901,'96188338',223000,'0','2010-09-16',1),(1902,'96188338',223000,'0','2010-10-19',1),(1903,'96188338',273200,'0','2010-11-18',1),(1904,'96188338',223000,'0','2010-12-17',1),(1905,'96188338',223000,'0','2011-01-19',1),(1906,'96188338',223000,'0','2011-02-21',1),(1907,'96188338',223000,'0','2011-03-22',1),(1908,'96188338',223000,'0','2011-04-18',1),(1909,'96188338',223000,'0','2011-05-16',1),(1910,'96188338',223000,'0','2011-06-20',1),(1911,'96188338',223000,'0','2011-07-18',1),(1912,'96188338',223000,'0','2011-08-19',1),(1913,'96188338',223000,'0','2011-09-19',1),(1914,'96188338',223000,'0','2011-10-18',1),(1915,'96188338',251000,'0','2011-11-21',1),(1916,'96188338',236000,'0','2011-12-19',1),(1917,'96188338',223000,'0','2012-01-19',1),(1918,'96188338',223000,'0','2012-02-20',1),(1919,'96188338',223000,'0','2012-03-20',1),(1920,'96188338',223000,'0','2012-04-19',1),(1921,'96188338',223000,'0','2012-05-22',1),(1922,'96188338',223000,'0','2012-06-19',1),(1923,'96188338',223000,'0','2012-07-19',1),(1924,'96188338',223000,'0','2012-08-21',1),(1925,'96188338',223000,'0','2012-09-20',1),(1926,'96188338',223000,'0','2012-10-19',1),(1927,'8827180',108000,'0','2012-07-16',1),(1928,'8827180',401000,'0','2012-08-13',1),(1929,'8827180',401000,'0','2012-09-19',1),(1930,'8827180',401000,'0','2012-10-23',1),(1931,'18966904',90000,'0','2012-07-05',1),(1932,'18966904',1000000,'0','2012-08-03',1),(1933,'18966904',1000000,'0','2012-09-06',1),(1934,'18966904',1000000,'0','2012-10-01',1),(1935,'16547593',90000,'0','2012-08-02',1),(1936,'16547593',500000,'0','2012-09-03',1),(1937,'16547593',500000,'0','2012-10-01',1),(1938,'13387682',192000,'0','2009-12-10',1),(1939,'13387682',267000,'0','2010-01-07',1),(1940,'13387682',267000,'0','2010-02-10',1),(1941,'13387682',267000,'0','2010-03-10',1),(1942,'13387682',268000,'0','2010-04-20',1),(1943,'13387682',268000,'0','2010-05-19',1),(1944,'13387682',268000,'0','2010-06-22',1),(1945,'13387682',268000,'0','2010-07-19',1),(1946,'13387682',268000,'0','2010-08-17',1),(1947,'13387682',268000,'0','2010-09-16',1),(1948,'13387682',268000,'0','2010-10-27',1),(1949,'13387682',269000,'0','2010-12-01',1),(1950,'13387682',331000,'0','2010-12-16',1),(1951,'13387682',269000,'0','2011-01-31',1),(1952,'13387682',268000,'0','2011-02-17',1),(1953,'13387682',270000,'0','2011-04-01',1),(1954,'13387682',271000,'0','2011-05-17',1),(1955,'13387682',300000,'0','2011-06-22',1),(1956,'13387682',300000,'0','2011-07-19',1),(1957,'13387682',250000,'0','2011-08-24',1),(1958,'13387682',300000,'0','2011-09-22',1),(1959,'13387682',300000,'0','2011-11-02',1),(1960,'13387682',300000,'0','2012-01-19',1),(1961,'13387682',300000,'0','2012-02-16',1),(1962,'13387682',300000,'0','2012-04-03',1),(1963,'13387682',1267000,'0','2012-05-17',1),(1964,'13387682',700000,'0','2012-10-17',1),(1965,'13387682',400000,'0','2012-10-31',1),(1966,'13477126',288000,'0','2011-08-05',1),(1967,'13477126',405000,'0','2011-10-05',1),(1968,'13477126',405000,'0','2011-10-22',1),(1969,'13477126',405000,'0','2011-12-02',1),(1970,'13477126',405000,'0','2012-01-03',1),(1971,'13477126',405000,'0','2012-02-04',1),(1972,'13477126',405000,'0','2012-03-03',1),(1973,'13477126',405000,'0','2012-04-04',1),(1974,'13477126',405000,'0','2012-05-07',1),(1975,'13477126',405000,'0','2012-06-19',1),(1976,'13477126',405000,'0','2012-07-03',1),(1977,'13477126',405000,'0','2012-08-02',1),(1978,'13477126',495000,'0','2012-09-19',1),(1979,'13477126',410000,'0','2012-10-17',1),(1980,'17580998',40429,'0','2009-09-29',2),(1981,'17580998',170000,'0','2009-11-19',1),(1982,'17580998',170000,'0','2009-12-04',1),(1983,'17580998',170000,'0','2010-01-15',1),(1984,'17580998',170000,'0','2010-02-17',1),(1985,'17580998',170000,'0','2010-04-27',1),(1986,'17580998',170000,'0','2010-05-26',1),(1987,'17580998',170000,'0','2010-07-16',1),(1988,'17580998',685500,'0','2010-08-19',1),(1989,'17580998',170000,'0','2010-09-30',1),(1990,'17580998',170000,'0','2010-11-09',1),(1991,'17580998',170000,'0','2010-12-18',1),(1992,'17580998',200000,'0','2011-01-28',1),(1993,'17580998',173000,'0','2011-02-16',1),(1994,'17580998',170000,'0','2011-04-15',1),(1995,'17580998',170000,'0','2011-05-16',1),(1996,'17580998',170000,'0','2011-05-27',1),(1997,'17580998',173000,'0','2011-06-10',1),(1998,'17580998',173000,'0','2011-07-22',1),(1999,'17580998',170000,'0','2011-08-17',1),(2000,'17580998',170000,'0','2011-09-19',1),(2001,'17580998',170000,'0','2011-10-19',1),(2002,'17580998',180000,'0','2011-11-03',1),(2003,'17580998',340000,'0','2011-12-29',1),(2004,'17580998',170000,'0','2012-02-27',1),(2005,'17580998',170000,'0','2012-03-29',1),(2006,'17580998',170000,'0','2012-05-30',1),(2007,'17580998',300000,'0','2012-10-10',1),(2008,'10540857',37716,'0','2009-11-10',1),(2009,'10540857',147626,'0','2009-12-10',1),(2010,'10540857',147626,'0','2009-12-30',1),(2011,'10540857',147626,'0','2010-03-05',1),(2012,'10540857',200000,'0','2010-03-31',1),(2013,'10540857',150000,'0','2010-05-07',1),(2014,'10540857',150000,'0','2010-06-04',1),(2015,'10540857',200000,'0','2010-07-06',1),(2016,'10540857',200000,'0','2010-08-10',1),(2017,'10540857',150000,'0','2010-09-04',1),(2018,'10540857',150000,'0','2010-10-09',1),(2019,'10540857',150000,'0','2010-12-03',1),(2020,'10540857',150000,'0','2011-01-04',1),(2021,'10540857',150000,'0','2011-02-02',1),(2022,'10540857',150000,'0','2011-03-04',1),(2023,'10540857',150000,'0','2011-04-05',1),(2024,'10540857',150000,'0','2011-05-05',1),(2025,'10540857',150000,'0','2011-06-09',1),(2026,'10540857',150000,'0','2011-07-01',1),(2027,'10540857',150000,'0','2011-07-14',1),(2028,'10540857',150000,'0','2011-09-07',1),(2029,'10540857',150000,'0','2011-10-04',1),(2030,'10540857',150000,'0','2011-11-02',1),(2031,'10540857',150000,'0','2011-12-09',1),(2032,'10540857',150000,'0','2012-01-04',1),(2033,'10540857',150000,'0','2012-02-08',1),(2034,'10540857',150000,'0','2012-03-08',1),(2035,'10540857',150000,'0','2012-04-04',1),(2036,'10540857',150000,'0','2012-05-09',1),(2037,'10540857',150000,'0','2012-06-05',1),(2038,'10540857',150000,'0','2012-07-18',1),(2039,'10540857',150000,'0','2012-08-16',1),(2040,'10540857',150000,'0','2012-09-29',1),(2041,'10540857',150000,'0','2012-10-12',1),(2042,'17595696',160000,'0','2009-07-30',1),(2043,'17595696',117000,'0','2009-09-03',1),(2044,'17595696',235000,'0','2009-11-03',1),(2045,'17595696',872000,'0','2010-01-30',1),(2046,'17595696',575000,'0','2010-04-20',1),(2047,'17595696',1240000,'0','2010-08-20',1),(2048,'17595696',600000,'0','2010-12-15',1),(2049,'17595696',300000,'0','2010-12-28',1),(2050,'17595696',350000,'0','2011-01-31',1),(2051,'17595696',300000,'0','2011-04-01',1),(2052,'17595696',1300000,'0','2011-07-05',1),(2053,'17595696',250000,'0','2011-08-01',1),(2054,'17595696',220000,'0','2011-09-01',1),(2055,'17595696',634000,'0','2011-09-06',1),(2056,'17595696',290000,'0','2011-10-03',1),(2057,'17595696',670000,'0','2012-04-10',1),(2058,'17595696',300000,'0','2012-04-17',1),(2059,'17595696',300000,'0','2012-06-01',1),(2060,'17595696',300000,'0','2012-07-04',1),(2061,'17595696',500000,'0','2012-08-16',1),(2062,'17595696',500000,'0','2012-09-08',1),(2063,'17595696',500000,'0','2012-09-17',1),(2064,'77154736',160000,'0','2009-11-11',1),(2065,'77154736',222500,'0','2009-12-11',1),(2066,'77154736',300000,'0','2010-01-12',1),(2067,'77154736',222500,'0','2010-02-11',1),(2068,'77154736',224000,'0','2010-03-11',1),(2069,'77154736',224000,'0','2010-04-12',1),(2070,'77154736',224500,'0','2010-05-11',1),(2071,'77154736',224500,'0','2010-06-11',1),(2072,'77154736',224000,'0','2010-07-12',1),(2073,'77154736',224500,'0','2010-08-10',1),(2074,'77154736',224000,'0','2010-09-10',1),(2075,'77154736',224000,'0','2010-10-11',1),(2076,'77154736',224000,'0','2010-11-10',1),(2077,'77154736',48000,'0','2010-11-12',1),(2078,'77154736',224000,'0','2010-12-10',1),(2079,'77154736',224500,'0','2011-01-11',1),(2080,'77154736',300000,'0','2011-02-10',1),(2081,'77154736',224000,'0','2011-03-11',1),(2082,'77154736',224000,'0','2011-04-11',1),(2083,'77154736',224500,'0','2011-05-12',1),(2084,'77154736',224000,'0','2011-06-10',1),(2085,'77154736',224000,'0','2011-07-11',1),(2086,'77154736',224000,'0','2011-08-11',1),(2087,'77154736',224000,'0','2011-09-09',1),(2088,'77154736',224000,'0','2011-10-11',1),(2089,'77154736',224000,'0','2011-11-11',1),(2090,'77154736',224000,'0','2011-12-12',1),(2091,'77154736',37000,'0','2011-12-13',1),(2092,'77154736',225000,'0','2012-01-12',1),(2093,'77154736',224000,'0','2012-02-13',1),(2094,'77154736',224000,'0','2012-03-12',1),(2095,'77154736',224000,'0','2012-04-11',1),(2096,'77154736',224000,'0','2012-05-11',1),(2097,'77154736',224000,'0','2012-06-12',1),(2098,'77154736',224000,'0','2012-07-11',1),(2099,'77154736',224000,'0','2012-08-10',1),(2100,'77154736',224000,'0','2012-09-11',1),(2101,'77154736',224000,'0','2012-10-16',1),(2102,'18965970',240000,'0','2011-10-13',1),(2103,'18965970',150000,'0','2011-11-18',1),(2104,'18965970',150000,'0','2011-12-22',1),(2105,'18965970',150000,'0','2012-01-20',1),(2106,'18965970',348000,'0','2012-02-22',1),(2107,'18965970',348000,'0','2012-03-15',1),(2108,'18965970',350000,'0','2012-05-19',1),(2109,'18965970',350000,'0','2012-06-21',1),(2110,'18965970',357000,'0','2012-07-25',1),(2111,'18965970',355000,'0','2012-08-22',1),(2112,'18965970',350000,'0','2012-09-17',1),(2113,'18965970',355000,'0','2012-10-22',1),(2114,'91014513',128000,'0','2010-05-11',1),(2115,'91014513',280000,'0','2010-08-23',1),(2116,'91014513',280000,'0','2010-12-13',1),(2117,'91014513',280000,'0','2011-02-24',1),(2118,'91014513',323000,'0','2011-05-09',1),(2119,'91014513',1190000,'0','2011-09-09',1),(2120,'91014513',1180000,'0','2011-12-06',1),(2121,'91014513',1182000,'0','2012-03-06',1),(2122,'91014513',1215000,'0','2012-06-05',1),(2123,'91014513',1187000,'0','2012-09-06',1),(2124,'5524817',80000,'0','2010-09-01',1),(2125,'5524817',60000,'0','2010-10-01',1),(2126,'5524817',59000,'0','2010-11-03',1),(2127,'5524817',60000,'0','2010-12-09',1),(2128,'5524817',140000,'0','2011-01-03',1),(2129,'5524817',145000,'0','2011-02-02',1),(2130,'5524817',145000,'0','2011-03-03',1),(2131,'5524817',150000,'0','2011-04-01',1),(2132,'5524817',150000,'0','2011-05-04',1),(2133,'5524817',150000,'0','2011-06-02',1),(2134,'5524817',150000,'0','2011-07-05',1),(2135,'5524817',150000,'0','2011-08-01',1),(2136,'5524817',150000,'0','2011-09-05',1),(2137,'5524817',150000,'0','2011-10-04',1),(2138,'5524817',150000,'0','2011-11-02',1),(2139,'5524817',150000,'0','2011-12-02',1),(2140,'5524817',150000,'0','2012-01-02',1),(2141,'5524817',150000,'0','2012-02-02',1),(2142,'5524817',150000,'0','2012-03-05',1),(2143,'5524817',150000,'0','2012-04-09',1),(2144,'5524817',150000,'0','2012-05-07',1),(2145,'5524817',150000,'0','2012-06-12',1),(2146,'5524817',150000,'0','2012-07-05',1),(2147,'5524817',150000,'0','2012-08-08',1),(2148,'5524817',150000,'0','2012-09-04',1),(2149,'5524817',150000,'0','2012-10-03',1),(2150,'16504791',288000,'0','2011-10-12',1),(2151,'16504791',401000,'0','2011-11-11',1),(2152,'16504791',401000,'0','2011-12-12',1),(2153,'16504791',1650000,'0','2012-04-30',1),(2154,'16504791',402000,'0','2012-05-22',1),(2155,'16504791',405000,'0','2012-06-21',1),(2156,'16504791',405000,'0','2012-07-21',1),(2157,'16504791',410000,'0','2012-08-23',1),(2158,'16504791',405000,'0','2012-09-20',1),(2159,'16504791',410000,'0','2012-10-22',1),(2160,'17595266',160000,'0','2009-07-30',1),(2161,'17595266',350100,'0','2009-10-27',1),(2162,'17595266',350100,'0','2010-01-26',1),(2163,'17595266',350100,'0','2010-04-27',1),(2164,'17595266',350100,'0','2010-07-28',1),(2165,'17595266',60000,'0','2010-07-30',1),(2166,'17595266',350100,'0','2010-10-29',1),(2167,'17595266',1650000,'0','2011-02-04',1),(2168,'17595266',102200,'0','2011-02-15',1),(2169,'17595266',303000,'0','2011-05-04',1),(2170,'17595266',1840000,'0','2011-07-27',1),(2171,'17595266',260000,'0','2011-11-28',1),(2172,'17595266',194000,'0','2012-05-08',1),(2173,'17595266',1660000,'0','2012-07-26',1),(2174,'68293494',128000,'0','2009-10-22',1),(2175,'68293494',95000,'0','2009-11-23',1),(2176,'68293494',93400,'0','2009-12-22',1),(2177,'68293494',93400,'0','2010-01-20',1),(2178,'68293494',230000,'0','2010-02-22',1),(2179,'68293494',230000,'0','2010-03-23',1),(2180,'68293494',230000,'0','2010-04-22',1),(2181,'68293494',230000,'0','2010-05-24',1),(2182,'68293494',230000,'0','2010-06-23',1),(2183,'68293494',230000,'0','2010-08-05',1),(2184,'68293494',230000,'0','2010-08-31',1),(2185,'68293494',230000,'0','2010-09-30',1),(2186,'68293494',230000,'0','2010-10-23',1),(2187,'68293494',40000,'0','2010-10-29',1),(2188,'68293494',230000,'0','2010-11-30',1),(2189,'68293494',230000,'0','2010-12-22',1),(2190,'68293494',230000,'0','2011-01-31',1),(2191,'68293494',230000,'0','2011-02-28',1),(2192,'68293494',230000,'0','2011-03-31',1),(2193,'68293494',230000,'0','2011-04-29',1),(2194,'68293494',235000,'0','2011-05-31',1),(2195,'68293494',230000,'0','2011-06-30',1),(2196,'68293494',230000,'0','2011-07-29',1),(2197,'68293494',230000,'0','2011-08-30',1),(2198,'68293494',230000,'0','2011-09-30',1),(2199,'68293494',262000,'0','2011-10-31',1),(2200,'68293494',230000,'0','2011-12-29',1),(2201,'68293494',715000,'0','2012-03-20',1),(2202,'68293494',250000,'0','2012-05-02',1),(2203,'68293494',240000,'0','2012-05-31',1),(2204,'68293494',250000,'0','2012-06-30',1),(2205,'68293494',250000,'0','2012-07-31',1),(2206,'68293494',450000,'0','2012-09-29',1),(2207,'68293494',30000,'0','2012-09-29',1),(2208,'88159950',90000,'0','2012-02-28',1),(2209,'88159950',335000,'0','2012-03-20',1),(2210,'88159950',335000,'0','2012-04-17',1),(2211,'88159950',335000,'0','2012-06-04',1),(2212,'88159950',335000,'0','2012-07-14',1),(2213,'88159950',335000,'0','2012-08-01',1),(2214,'88159950',335000,'0','2012-08-16',1),(2215,'88159950',335000,'0','2012-10-01',1),(2216,'17587319',230775,'0','2005-04-20',1),(2217,'17587319',230695,'0','2005-05-16',1),(2218,'17587319',230614,'0','2005-06-15',1),(2219,'17587319',230533,'0','2005-07-21',1),(2220,'17587319',461934,'0','2005-09-22',1),(2221,'17587319',230287,'0','2005-10-25',1),(2222,'17312612',66659,'0','2009-12-24',1),(2223,'17312612',245000,'0','2010-02-05',1),(2224,'17312612',245000,'0','2010-02-27',1),(2225,'17312612',245000,'0','2010-03-18',1),(2226,'17312612',245000,'0','2010-04-23',1),(2227,'17312612',245000,'0','2010-08-23',1),(2228,'17312612',250000,'0','2010-09-07',1),(2229,'17312612',250000,'0','2010-09-28',1),(2230,'17312612',250000,'0','2010-10-08',1),(2231,'17312612',250000,'0','2010-11-08',1),(2232,'17312612',250000,'0','2010-12-27',1),(2233,'17312612',250000,'0','2011-01-21',1),(2234,'17312612',250000,'0','2011-03-01',1),(2235,'17312612',538000,'0','2011-03-08',1),(2236,'17312612',500000,'0','2011-06-22',1),(2237,'17312612',500000,'0','2011-08-10',1),(2238,'17312612',250000,'0','2011-08-24',1),(2239,'17312612',500000,'0','2011-12-09',1),(2240,'17312612',250000,'0','2012-01-23',1),(2241,'17312612',250000,'0','2012-03-06',1),(2242,'17312612',400000,'0','2012-07-05',1),(2243,'17312612',1000000,'0','2012-09-25',1),(2244,'94320628',240000,'0','2011-05-25',1),(2245,'94320628',335000,'0','2011-06-28',1),(2246,'94320628',340000,'0','2011-08-12',1),(2247,'94320628',350000,'0','2011-11-18',1),(2248,'94320628',2000000,'0','2012-07-13',1),(2249,'94320628',2000000,'0','2012-07-27',1),(2250,'94320628',330000,'0','2012-08-30',1),(2251,'91010578',76121,'0','2009-10-28',1),(2252,'91010578',280000,'0','2009-11-27',1),(2253,'91010578',280000,'0','2009-12-28',1),(2254,'91010578',280000,'0','2010-01-28',1),(2255,'91010578',280000,'0','2010-03-01',1),(2256,'91010578',300000,'0','2010-03-31',1),(2257,'91010578',300000,'0','2010-04-28',1),(2258,'91010578',300000,'0','2010-05-28',1),(2259,'91010578',300000,'0','2010-06-28',1),(2260,'91010578',300000,'0','2010-07-29',1),(2261,'91010578',300000,'0','2010-08-30',1),(2262,'91010578',300000,'0','2010-10-06',1),(2263,'91010578',300000,'0','2010-10-29',1),(2264,'91010578',300000,'0','2010-12-27',1),(2265,'91010578',300000,'0','2010-12-27',1),(2266,'91010578',300000,'0','2011-02-14',1),(2267,'91010578',300000,'0','2011-03-29',1),(2268,'91010578',300000,'0','2011-05-10',1),(2269,'91010578',300000,'0','2011-06-03',1),(2270,'91010578',300000,'0','2011-07-07',1),(2271,'91010578',300000,'0','2011-07-28',1),(2272,'91010578',300000,'0','2011-08-31',1),(2273,'91010578',300000,'0','2011-09-29',1),(2274,'91010578',300000,'0','2011-11-03',1),(2275,'91010578',300000,'0','2011-12-01',1),(2276,'91010578',600000,'0','2012-02-23',1),(2277,'91010578',900000,'0','2012-05-14',1),(2278,'91010578',1000000,'0','2012-08-31',1),(2279,'68289833',192000,'0','2011-06-02',1),(2280,'68289833',120000,'0','2011-07-01',1),(2281,'68289833',120000,'0','2011-08-02',1),(2282,'68289833',120000,'0','2011-08-31',1),(2283,'68289833',160000,'0','2011-09-19',1),(2284,'68289833',400000,'0','2011-10-14',1),(2285,'68289833',278000,'0','2011-11-09',1),(2286,'68289833',278000,'0','2011-12-12',1),(2287,'68289833',278000,'0','2012-01-30',1),(2288,'68289833',278000,'0','2012-02-13',1),(2289,'68289833',200000,'0','2012-03-13',1),(2290,'68289833',278000,'0','2012-04-12',1),(2291,'68289833',278000,'0','2012-05-11',1),(2292,'68289833',340383,'0','2012-06-13',1),(2293,'68289833',278000,'0','2012-07-12',1),(2294,'68289833',278000,'0','2012-08-16',1),(2295,'68289833',278000,'0','2012-09-26',1),(2296,'68289833',278000,'0','2012-10-30',1),(2297,'5888261',128000,'0','2010-05-11',1),(2298,'5888261',93360,'0','2010-06-11',1),(2299,'5888261',93360,'0','2010-07-10',1),(2300,'5888261',93360,'0','2010-08-09',1),(2301,'5888261',229537,'0','2010-09-10',1),(2302,'5888261',229537,'0','2010-10-11',1),(2303,'5888261',229537,'0','2010-11-10',1),(2304,'5888261',230000,'0','2010-12-10',1),(2305,'5888261',230000,'0','2011-01-01',1),(2306,'5888261',230000,'0','2011-02-10',1),(2307,'5888261',230000,'0','2011-03-11',1),(2308,'5888261',230000,'0','2011-04-11',1),(2309,'5888261',230000,'0','2011-05-11',1),(2310,'5888261',40000,'0','2011-05-17',1),(2311,'5888261',230000,'0','2011-06-15',1),(2312,'5888261',231000,'0','2011-07-18',1),(2313,'5888261',230000,'0','2011-08-19',1),(2314,'5888261',232000,'0','2011-09-28',1),(2315,'5888261',232000,'0','2011-10-31',1),(2316,'5888261',230000,'0','2011-11-25',1),(2317,'5888261',234000,'0','2011-12-28',1),(2318,'5888261',232000,'0','2012-01-31',1),(2319,'5888261',232000,'0','2012-02-28',1),(2320,'5888261',232000,'0','2012-03-31',1),(2321,'5888261',232000,'0','2012-04-30',1),(2322,'5888261',260000,'0','2012-05-28',1),(2323,'5888261',233000,'0','2012-07-04',1),(2324,'5888261',232000,'0','2012-07-30',1),(2325,'5888261',233000,'0','2012-08-31',1),(2326,'5888261',232000,'0','2012-10-01',1),(2327,'17585812',90000,'0','2012-07-10',1),(2328,'17585812',400000,'0','2012-08-08',1),(2329,'17585812',400000,'0','2012-09-07',1),(2330,'17585812',400000,'0','2012-10-03',1),(2331,'16476324',288000,'0','2010-05-18',1),(2332,'16476324',401000,'0','2010-06-17',1),(2333,'16476324',401000,'0','2010-07-16',1),(2334,'16476324',401000,'0','2010-08-17',1),(2335,'16476324',401000,'0','2010-09-16',1),(2336,'16476324',401000,'0','2010-10-15',1),(2337,'16476324',401000,'0','2010-11-16',1),(2338,'16476324',401000,'0','2010-12-17',1),(2339,'16476324',401000,'0','2011-01-17',1),(2340,'16476324',400400,'0','2011-02-18',1),(2341,'16476324',401000,'0','2011-03-17',1),(2342,'16476324',401000,'0','2011-04-18',1),(2343,'16476324',401000,'0','2011-05-14',1),(2344,'16476324',92000,'0','2011-05-18',1),(2345,'16476324',401000,'0','2011-06-17',1),(2346,'16476324',401000,'0','2011-07-15',1),(2347,'16476324',401000,'0','2011-08-16',1),(2348,'16476324',401000,'0','2011-09-17',1),(2349,'16476324',401000,'0','2011-10-18',1),(2350,'16476324',401000,'0','2011-11-15',1),(2351,'16476324',401000,'0','2011-12-21',1),(2352,'16476324',401000,'0','2012-02-16',1),(2353,'16476324',808000,'0','2012-03-16',1),(2354,'16476324',401000,'0','2012-04-16',1),(2355,'16476324',401000,'0','2012-05-18',1),(2356,'16476324',471000,'0','2012-06-19',1),(2357,'16476324',401000,'0','2012-07-09',1),(2358,'16476324',405000,'0','2012-08-16',1),(2359,'16476324',401000,'0','2012-09-17',1),(2360,'16476324',401000,'0','2012-10-16',1),(2361,'17584337',108000,'0','2012-07-10',1),(2362,'17584337',401000,'0','2012-08-01',1),(2363,'17584337',401000,'0','2012-09-06',1),(2364,'17584337',401000,'0','2012-10-08',1),(2365,'17588960',19173,'0','2009-11-26',1),(2366,'17588960',98000,'0','2009-12-23',1),(2367,'17588960',98000,'0','2010-01-27',1),(2368,'17588960',98000,'0','2010-02-26',1),(2369,'17588960',98000,'0','2010-03-30',1),(2370,'17588960',98000,'0','2010-04-30',1),(2371,'17588960',98000,'0','2010-05-27',1),(2372,'17588960',98000,'0','2010-06-30',1),(2373,'17588960',98000,'0','2010-07-30',1),(2374,'17588960',98000,'0','2010-08-30',1),(2375,'17588960',98000,'0','2010-09-30',1),(2376,'17588960',98000,'0','2010-10-26',1),(2377,'17588960',104000,'0','2010-12-03',1),(2378,'17588960',98000,'0','2011-01-07',1),(2379,'17588960',98000,'0','2011-01-31',1),(2380,'17588960',98000,'0','2011-03-01',1),(2381,'17588960',98000,'0','2011-03-29',1),(2382,'17588960',98000,'0','2011-04-28',1),(2383,'17588960',98000,'0','2011-05-31',1),(2384,'17588960',98000,'0','2011-06-30',1),(2385,'17588960',98000,'0','2011-08-04',1),(2386,'17588960',98000,'0','2011-08-31',1),(2387,'17588960',98000,'0','2011-10-10',1),(2388,'17588960',98000,'0','2011-10-27',1),(2389,'17588960',202000,'0','2012-01-10',1),(2390,'17588960',98000,'0','2012-01-30',1),(2391,'17588960',98000,'0','2012-02-28',1),(2392,'17588960',98000,'0','2012-03-27',1),(2393,'17588960',98000,'0','2012-04-30',1),(2394,'17588960',98000,'0','2012-05-30',1),(2395,'17588960',98000,'0','2012-07-17',1),(2396,'17588960',98000,'0','2012-08-13',1),(2397,'17588960',98000,'0','2012-08-31',1),(2398,'17588960',98000,'0','2012-09-29',1),(2399,'17588960',98000,'0','2012-10-31',1),(2400,'24245079',160000,'0','2009-11-19',1),(2401,'24245079',223000,'0','2009-12-18',1),(2402,'24245079',223000,'0','2010-01-15',1),(2403,'24245079',223000,'0','2010-02-18',1),(2404,'24245079',224000,'0','2010-03-19',1),(2405,'24245079',223000,'0','2010-04-20',1),(2406,'24245079',223000,'0','2010-05-18',1),(2407,'24245079',223000,'0','2010-06-21',1),(2408,'24245079',223000,'0','2010-07-21',1),(2409,'24245079',222000,'0','2010-08-23',1),(2410,'24245079',225000,'0','2010-10-15',1),(2411,'24245079',223000,'0','2010-10-26',1),(2412,'24245079',274000,'0','2010-11-23',1),(2413,'24245079',223000,'0','2010-12-29',1),(2414,'24245079',226000,'0','2011-01-26',1),(2415,'24245079',223000,'0','2011-02-18',1),(2416,'24245079',224000,'0','2011-03-22',1),(2417,'24245079',230000,'0','2011-05-09',1),(2418,'24245079',230000,'0','2011-06-03',1),(2419,'24245079',230000,'0','2011-06-28',1),(2420,'24245079',230000,'0','2011-07-21',1),(2421,'24245079',230000,'0','2011-09-05',1),(2422,'24245079',230000,'0','2011-10-11',1),(2423,'24245079',230000,'0','2011-10-31',1),(2424,'24245079',230000,'0','2011-12-22',1),(2425,'24245079',230000,'0','2012-01-04',1),(2426,'24245079',230000,'0','2012-02-06',1),(2427,'24245079',230000,'0','2012-04-02',1),(2428,'24245079',230000,'0','2012-06-04',1),(2429,'24245079',230000,'0','2012-06-19',1),(2430,'24245079',420000,'0','2012-07-03',1),(2431,'24245079',225000,'0','2012-08-06',1),(2432,'24245079',230000,'0','2012-09-04',1),(2433,'24245079',230000,'0','2012-10-04',1),(2434,'24245079',225000,'0','2012-10-17',1),(2435,'17583777',108000,'0','2011-11-10',1),(2436,'17583777',400400,'0','2011-12-02',1),(2437,'17583777',400400,'0','2012-01-06',1),(2438,'17583777',400400,'0','2012-02-04',1),(2439,'17583777',400400,'0','2012-03-05',1),(2440,'17583777',400400,'0','2012-04-04',1),(2441,'17583777',400400,'0','2012-05-03',1),(2442,'17583777',400400,'0','2012-06-04',1),(2443,'17583777',400400,'0','2012-07-03',1),(2444,'17583777',400401,'0','2012-08-02',1),(2445,'17583777',400400,'0','2012-09-03',1),(2446,'17583777',400401,'0','2012-10-01',1),(2447,'17589925',240000,'0','2011-12-01',1),(2448,'17589925',350000,'0','2012-01-31',1),(2449,'17589925',334000,'0','2012-02-02',1),(2450,'17589925',660000,'0','2012-04-09',1),(2451,'17589925',340000,'0','2012-05-30',1),(2452,'17589925',335000,'0','2012-06-27',1),(2453,'17589925',350000,'0','2012-08-03',1),(2454,'17589925',335000,'0','2012-08-10',1),(2455,'17589925',334000,'0','2012-10-02',1),(2456,'17589925',335000,'0','2012-10-08',1),(2457,'17587604',41709,'0','2012-01-12',1),(2458,'17587604',195000,'0','2012-02-29',1),(2459,'17587604',390000,'0','2012-04-21',1),(2460,'17587604',190000,'0','2012-05-10',1),(2461,'17587604',190000,'0','2012-06-13',1),(2462,'17587604',190000,'0','2012-07-12',1),(2463,'17587604',190000,'0','2012-08-13',1),(2464,'17587604',385000,'0','2012-10-08',1),(2465,'5013591',160000,'0','2009-07-30',1),(2466,'5013591',350050,'0','2009-10-29',1),(2467,'5013591',352050,'0','2010-02-05',1),(2468,'5013591',350000,'0','2010-04-30',1),(2469,'5013591',350000,'0','2010-08-20',1),(2470,'5013591',60000,'0','2010-08-23',1),(2471,'5013591',350000,'0','2010-11-24',1),(2472,'5013591',700000,'0','2011-01-31',1),(2473,'5013591',1040000,'0','2011-02-16',1),(2474,'5013591',350000,'0','2011-03-31',1),(2475,'5013591',1840000,'0','2011-07-22',1),(2476,'5013591',249000,'0','2011-10-27',1),(2477,'5013591',1500000,'0','2012-01-30',1),(2478,'5013591',350000,'0','2012-02-15',1),(2479,'5013591',3000,'0','2012-02-29',1),(2480,'5013591',192697,'0','2012-04-28',1),(2481,'5013591',1700000,'0','2012-07-13',1),(2482,'5013591',240000,'0','2012-08-06',1),(2483,'5013591',133000,'0','2012-10-29',1),(2484,'17592312',288000,'0','2011-11-10',1),(2485,'17592312',401000,'0','2011-12-09',1),(2486,'17592312',401000,'0','2012-01-10',1),(2487,'17592312',401000,'0','2012-02-07',1),(2488,'17592312',401000,'0','2012-03-02',1),(2489,'17592312',401000,'0','2012-04-03',1),(2490,'17592312',401000,'0','2012-05-07',1),(2491,'17592312',401000,'0','2012-06-05',1),(2492,'17592312',402000,'0','2012-07-16',1),(2493,'17592312',401000,'0','2012-08-16',1),(2494,'17592312',808000,'0','2012-10-19',1),(2495,'10528830',180000,'0','2004-07-23',1),(2496,'10528830',373391,'0','2004-08-23',1),(2497,'10528830',360000,'0','2004-12-03',1),(2498,'10528830',571826,'0','2005-02-07',1),(2499,'17587251',240000,'0','2011-10-13',1),(2500,'17587251',150000,'0','2011-11-15',1),(2501,'17587251',150000,'0','2011-12-19',1),(2502,'17587251',150000,'0','2012-01-31',1),(2503,'17587251',355000,'0','2012-04-12',1),(2504,'17587251',355000,'0','2012-05-31',1),(2505,'17587251',355000,'0','2012-07-05',1),(2506,'17587251',355000,'0','2012-08-18',1),(2507,'17587251',355000,'0','2012-10-01',1),(2508,'17587251',355000,'0','2012-10-31',1),(2509,'17591098',240000,'0','2011-09-27',1),(2510,'17591098',350000,'0','2011-10-27',1),(2511,'17591098',360000,'0','2011-11-28',1),(2512,'17591098',360000,'0','2011-12-20',1),(2513,'17591098',340000,'0','2012-01-25',1),(2514,'17591098',350000,'0','2012-02-24',1),(2515,'17591098',350000,'0','2012-03-27',1),(2516,'17591098',340000,'0','2012-04-26',1),(2517,'17591098',340000,'0','2012-05-24',1),(2518,'17591098',350000,'0','2012-06-27',1),(2519,'17591098',350000,'0','2012-07-26',1),(2520,'17591098',350000,'0','2012-08-25',1),(2521,'17591098',350000,'0','2012-09-15',1),(2522,'17591098',70000,'0','2012-09-27',1),(2523,'17591098',340000,'0','2012-10-23',1),(2524,'11374881',489175,'0','2008-10-23',1),(2525,'11374881',489080,'0','2008-11-25',1),(2526,'11374881',314144,'0','2008-12-30',1),(2527,'11374881',315097,'0','2009-02-11',1),(2528,'11374881',945874,'0','2009-04-23',1),(2529,'11374881',315000,'0','2009-06-03',1),(2530,'11374881',330000,'0','2009-07-10',1),(2531,'11374881',315000,'0','2009-08-03',1),(2532,'11374881',630000,'0','2009-11-20',1),(2533,'11374881',630000,'21576','2009-12-04',1),(2534,'11374881',314500,'9000','2009-12-21',1),(2535,'11374881',315000,'0','2010-03-19',1),(2536,'11374881',316000,'44036','2010-06-19',1),(2537,'11374881',315000,'0','2010-07-03',1),(2538,'11374881',315000,'0','2010-07-17',1),(2539,'11374881',315000,'0','2010-07-30',1),(2540,'11374881',315000,'0','2010-08-18',1),(2541,'11374881',315000,'0','2010-08-28',1),(2542,'11374881',315000,'0','2010-09-17',1),(2543,'11374881',364000,'48914','2010-10-05',1),(2544,'11374881',315000,'0','2010-11-02',1),(2545,'11374881',315000,'0','2010-11-29',1),(2546,'11374881',315000,'0','2011-01-24',1),(2547,'11374881',315000,'0','2011-03-28',1),(2548,'11374881',315000,'0','2011-06-10',1),(2549,'11374881',610000,'0','2011-10-21',1),(2550,'11374881',610000,'0','2011-11-25',1),(2551,'11374881',600000,'0','2011-12-21',1),(2552,'11374881',610000,'0','2012-01-23',1),(2553,'11374881',610000,'0','2012-02-15',1),(2554,'11374881',310000,'0','2012-03-21',1),(2555,'11374881',260000,'0','2012-07-30',1),(2556,'11374881',20000,'0','2012-08-02',1),(2557,'11374881',700000,'0','2012-08-17',1),(2558,'11374881',700000,'0','2012-09-06',1),(2559,'11374881',700000,'0','2012-09-18',1),(2560,'49552712',3600,'0','2011-11-08',1),(2561,'49552712',50000,'0','2012-02-01',1),(2562,'49552712',50000,'0','2012-05-07',1),(2563,'17581150',160000,'0','2009-08-14',1),(2564,'17581150',117000,'0','2009-09-14',1),(2565,'17581150',117000,'0','2009-10-22',1),(2566,'17581150',117000,'0','2009-11-20',1),(2567,'17581150',290000,'0','2009-12-17',1),(2568,'17581150',287000,'0','2010-01-20',1),(2569,'17581150',289000,'0','2010-02-23',1),(2570,'17581150',286000,'0','2010-03-29',1),(2571,'17581150',290000,'0','2010-04-29',1),(2572,'17581150',300000,'0','2010-06-18',1),(2573,'17581150',290000,'0','2010-07-15',1),(2574,'17581150',290000,'0','2010-08-18',1),(2575,'17581150',350000,'0','2010-09-22',1),(2576,'17581150',875077,'0','2010-11-08',1),(2577,'17581150',290000,'0','2010-12-30',1),(2578,'17581150',290000,'0','2011-02-18',1),(2579,'17581150',590000,'0','2011-04-29',1),(2580,'17581150',290000,'0','2011-05-28',1),(2581,'17581150',290000,'0','2011-06-30',1),(2582,'17581150',612000,'0','2011-08-01',1),(2583,'17581150',324000,'0','2011-08-12',1),(2584,'17581150',290000,'0','2011-09-22',1),(2585,'17581150',290000,'0','2011-10-18',1),(2586,'17581150',287000,'0','2011-11-29',1),(2587,'17581150',289000,'0','2011-12-26',1),(2588,'17581150',290000,'0','2012-01-31',1),(2589,'17581150',300000,'0','2012-03-31',1),(2590,'17581150',289000,'0','2012-05-03',1),(2591,'17581150',290000,'0','2012-05-31',1),(2592,'17581150',200000,'0','2012-08-31',1),(2593,'17581150',350000,'0','2012-09-29',1),(2594,'17581150',300000,'0','2012-10-19',1),(2595,'13724438',256000,'0','2010-12-17',1),(2596,'13724438',356000,'0','2011-01-17',1),(2597,'13724438',356000,'0','2011-02-17',1),(2598,'13724438',356000,'0','2011-03-17',1),(2599,'13724438',357000,'0','2011-04-25',1),(2600,'13724438',356000,'0','2011-05-18',1),(2601,'13724438',356100,'0','2011-06-20',1),(2602,'13724438',356000,'0','2011-07-06',1),(2603,'13724438',358000,'0','2011-08-25',1),(2604,'13724438',356000,'0','2011-09-20',1),(2605,'13724438',356000,'0','2011-10-19',1),(2606,'13724438',356000,'0','2011-11-17',1),(2607,'13724438',440000,'0','2011-12-16',1),(2608,'13724438',358000,'0','2012-01-31',1),(2609,'13724438',357000,'0','2012-02-29',1),(2610,'13724438',356000,'0','2012-03-31',1),(2611,'13724438',360000,'0','2012-04-30',1),(2612,'13724438',356000,'0','2012-05-17',1),(2613,'13724438',356000,'0','2012-06-25',1),(2614,'13724438',356000,'0','2012-07-18',1),(2615,'13724438',356000,'0','2012-08-21',1),(2616,'13724438',357000,'0','2012-09-20',1),(2617,'13724438',357000,'0','2012-10-31',1),(2618,'13701437',128000,'0','2009-10-22',1),(2619,'13701437',94000,'0','2009-11-23',1),(2620,'13701437',95000,'0','2010-01-13',1),(2621,'13701437',95000,'0','2010-01-25',1),(2622,'13701437',230000,'0','2010-02-24',1),(2623,'13701437',230000,'0','2010-03-29',1),(2624,'13701437',230000,'0','2010-04-24',1),(2625,'13701437',230000,'0','2010-05-29',1),(2626,'13701437',230000,'0','2010-06-30',1),(2627,'13701437',230000,'0','2010-07-29',1),(2628,'13701437',230000,'0','2010-08-26',1),(2629,'13701437',230000,'0','2010-10-08',1),(2630,'13701437',230000,'0','2010-10-26',1),(2631,'13701437',230000,'0','2010-12-29',1),(2632,'13701437',230000,'0','2011-01-31',1),(2633,'13701437',520000,'0','2011-03-02',1),(2634,'13701437',230000,'0','2011-03-25',1),(2635,'13701437',232000,'0','2011-04-29',1),(2636,'13701437',230000,'0','2011-05-26',1),(2637,'13701437',230000,'0','2011-06-28',1),(2638,'13701437',230000,'0','2011-07-22',1),(2639,'13701437',230000,'0','2011-08-26',1),(2640,'13701437',230000,'0','2011-09-23',1),(2641,'13701437',235000,'0','2011-10-26',1),(2642,'13701437',260000,'0','2011-11-24',1),(2643,'13701437',240000,'0','2012-01-03',1),(2644,'13701437',230000,'0','2012-01-23',1),(2645,'13701437',230000,'0','2012-02-29',1),(2646,'13701437',230000,'0','2012-03-28',1),(2647,'13701437',230000,'0','2012-04-30',1),(2648,'13701437',230000,'0','2012-05-28',1),(2649,'13701437',230000,'0','2012-06-29',1),(2650,'13701437',230000,'0','2012-07-25',1),(2651,'13701437',232000,'0','2012-09-07',1),(2652,'13701437',235000,'0','2012-10-03',1),(2653,'91464090',128000,'0','2009-12-11',1),(2654,'91464090',180000,'0','2010-01-18',1),(2655,'91464090',180000,'0','2010-02-16',1),(2656,'91464090',180000,'0','2010-03-16',1),(2657,'91464090',180000,'0','2010-04-20',1),(2658,'91464090',180000,'0','2010-05-20',1),(2659,'91464090',180000,'0','2010-06-19',1),(2660,'91464090',180000,'0','2010-07-16',1),(2661,'91464090',180000,'0','2010-08-30',1),(2662,'91464090',180000,'0','2010-10-08',1),(2663,'91464090',180000,'0','2010-10-29',1),(2664,'91464090',180000,'0','2010-11-16',1),(2665,'91464090',180000,'0','2011-01-04',1),(2666,'91464090',180000,'0','2011-01-19',1),(2667,'91464090',206000,'0','2011-02-23',1),(2668,'91464090',180000,'0','2011-04-12',1),(2669,'91464090',180000,'0','2011-06-02',1),(2670,'91464090',180000,'0','2011-07-19',1),(2671,'91464090',180000,'0','2011-07-28',1),(2672,'91464090',180000,'0','2011-10-04',1),(2673,'91464090',180000,'0','2011-10-06',1),(2674,'91464090',360000,'0','2011-11-16',1),(2675,'91464090',180000,'0','2011-12-13',1),(2676,'91464090',180000,'0','2012-01-10',1),(2677,'91464090',180000,'0','2012-01-17',1),(2678,'91464090',180000,'0','2012-02-03',1),(2679,'91464090',180000,'0','2012-03-22',1),(2680,'91464090',180000,'0','2012-05-07',1),(2681,'91464090',180000,'0','2012-06-02',1),(2682,'91464090',180000,'0','2012-06-19',1),(2683,'91464090',180000,'0','2012-07-17',1),(2684,'91464090',180000,'0','2012-08-17',1),(2685,'91464090',200000,'0','2012-09-28',1),(2686,'17595028',112000,'0','2009-10-22',1),(2687,'17595028',82000,'0','2009-11-28',1),(2688,'17595028',82000,'0','2009-12-29',1),(2689,'17595028',82000,'0','2010-01-27',1),(2690,'17595028',201000,'0','2010-02-27',1),(2691,'17595028',201000,'0','2010-03-26',1),(2692,'17595028',201000,'0','2010-04-26',1),(2693,'17595028',202000,'0','2010-05-27',1),(2694,'17595028',201000,'0','2010-06-30',1),(2695,'17595028',201000,'0','2010-07-30',1),(2696,'17595028',203000,'0','2010-08-31',1),(2697,'17595028',201000,'0','2010-09-30',1),(2698,'17595028',200000,'0','2010-10-28',1),(2699,'17595028',200000,'0','2010-11-30',1),(2700,'17595028',243000,'0','2010-12-30',1),(2701,'17595028',202000,'0','2011-02-01',1),(2702,'17595028',201000,'0','2011-02-25',1),(2703,'17595028',201200,'0','2011-03-29',1),(2704,'17595028',202000,'0','2011-04-29',1),(2705,'17595028',202000,'0','2011-06-02',1),(2706,'17595028',228000,'0','2011-07-01',1),(2707,'17595028',201000,'0','2011-08-17',1),(2708,'17595028',201000,'0','2011-08-29',1),(2709,'17595028',200000,'0','2011-09-30',1),(2710,'17595028',210000,'0','2011-11-17',1),(2711,'17595028',400000,'0','2011-12-29',1),(2712,'17595028',620000,'0','2012-03-16',1),(2713,'17595028',202000,'0','2012-04-26',1),(2714,'17595028',203000,'0','2012-06-08',1),(2715,'17595028',203000,'0','2012-07-09',1),(2716,'17595028',202000,'0','2012-07-27',1),(2717,'17595028',201000,'0','2012-08-30',1),(2718,'17595028',202000,'0','2012-09-27',1),(2719,'91426343',240000,'0','2009-11-23',1),(2720,'91426343',334000,'0','2009-12-23',1),(2721,'91426343',334000,'0','2010-01-25',1),(2722,'91426343',336500,'0','2010-03-16',1),(2723,'91426343',338000,'0','2010-04-26',1),(2724,'91426343',676000,'0','2010-06-01',1),(2725,'91426343',336000,'0','2010-07-06',1),(2726,'91426343',48000,'0','2010-07-07',1),(2727,'91426343',342700,'0','2010-08-30',1),(2728,'91426343',67300,'0','2010-08-30',1),(2729,'91426343',382000,'0','2010-09-21',1),(2730,'91426343',68000,'0','2010-09-21',1),(2731,'91426343',288100,'0','2010-10-08',1),(2732,'91426343',65900,'0','2010-10-08',1),(2733,'91426343',400000,'0','2010-12-13',1),(2734,'91426343',502500,'0','2011-01-06',1),(2735,'91426343',97500,'0','2011-01-06',1),(2736,'91426343',500000,'0','2011-03-16',1),(2737,'91426343',300000,'0','2011-04-07',1),(2738,'91426343',200000,'0','2011-04-07',1),(2739,'91426343',669740,'0','2011-06-07',1),(2740,'91426343',130260,'0','2011-06-07',1),(2741,'91426343',375700,'0','2011-07-07',1),(2742,'91426343',124300,'0','2011-07-07',1),(2743,'91426343',250000,'0','2011-08-31',1),(2744,'91426343',400000,'0','2011-09-14',1),(2745,'91426343',285000,'0','2011-10-07',1),(2746,'91426343',165000,'0','2011-10-07',1),(2747,'91426343',357500,'0','2011-11-04',1),(2748,'91426343',42500,'0','2011-11-04',1),(2749,'91426343',357000,'0','2011-12-09',1),(2750,'91426343',93000,'0','2011-12-09',1),(2751,'91426343',382400,'0','2012-01-10',1),(2752,'91426343',67600,'0','2012-01-10',1),(2753,'91426343',420000,'0','2012-03-05',1),(2754,'91426343',80000,'0','2012-03-05',1),(2755,'91426343',385000,'0','2012-04-20',1),(2756,'91426343',115000,'0','2012-04-20',1),(2757,'91426343',786500,'0','2012-06-05',1),(2758,'91426343',113500,'0','2012-06-05',1),(2759,'91426343',332000,'0','2012-07-03',1),(2760,'91426343',68000,'0','2012-07-03',1),(2761,'91426343',216000,'0','2012-09-14',1),(2762,'91426343',684000,'0','2012-09-14',1),(2763,'91426432',208000,'0','2010-03-25',1),(2764,'91426432',290000,'0','2010-05-03',1),(2765,'91426432',290000,'0','2010-05-21',1),(2766,'91426432',290000,'0','2010-06-21',1),(2767,'91426432',290000,'0','2010-07-21',1),(2768,'91426432',290000,'0','2010-08-23',1),(2769,'91426432',290000,'0','2010-09-20',1),(2770,'91426432',290000,'0','2010-10-29',1),(2771,'91426432',290000,'0','2010-11-30',1),(2772,'91426432',289200,'0','2010-12-29',1),(2773,'91426432',289200,'0','2011-01-31',1),(2774,'91426432',357000,'0','2011-03-02',1),(2775,'91426432',289200,'0','2011-03-28',1),(2776,'91426432',291000,'0','2011-05-02',1),(2777,'91426432',290000,'0','2011-05-30',1),(2778,'91426432',290000,'0','2011-06-29',1),(2779,'91426432',300000,'0','2011-07-29',1),(2780,'91426432',290000,'0','2011-08-29',1),(2781,'91426432',300000,'0','2011-09-28',1),(2782,'91426432',300000,'0','2011-10-31',1),(2783,'91426432',300000,'0','2011-11-29',1),(2784,'91426432',290000,'0','2011-12-28',1),(2785,'91426432',290000,'0','2012-01-27',1),(2786,'91426432',290000,'0','2012-02-28',1),(2787,'91426432',350000,'0','2012-03-29',1),(2788,'91426432',300000,'0','2012-05-03',1),(2789,'91426432',290000,'0','2012-05-29',1),(2790,'91426432',290000,'0','2012-06-29',1),(2791,'91426432',290000,'0','2012-07-27',1),(2792,'91426432',290000,'0','2012-08-30',1),(2793,'91426432',290000,'0','2012-10-01',1),(2794,'91426432',290000,'0','2012-10-31',1),(2795,'17584827',160000,'0','2009-10-22',1),(2796,'17584827',117000,'0','2009-11-21',1),(2797,'17584827',117000,'0','2009-12-22',1),(2798,'17584827',117000,'0','2010-01-22',1),(2799,'17584827',287000,'0','2010-02-22',1),(2800,'17584827',287000,'0','2010-03-23',1),(2801,'17584827',287000,'0','2010-04-22',1),(2802,'17584827',287000,'0','2010-05-24',1),(2803,'17584827',287000,'0','2010-06-24',1),(2804,'17584827',287000,'0','2010-07-23',1),(2805,'17584827',287000,'0','2010-08-24',1),(2806,'17584827',287000,'0','2010-09-24',1),(2807,'17584827',328000,'0','2010-10-22',1),(2808,'17584827',300000,'0','2010-11-26',1),(2809,'17584827',287000,'0','2010-12-21',1),(2810,'17584827',287000,'0','2011-01-11',1),(2811,'17584827',287000,'0','2011-02-25',1),(2812,'17584827',290000,'0','2011-03-22',1),(2813,'17584827',288000,'0','2011-04-26',1),(2814,'17584827',287000,'0','2011-05-16',1),(2815,'17584827',291000,'0','2011-07-15',1),(2816,'17584827',287000,'0','2011-07-15',1),(2817,'17584827',287000,'0','2011-08-23',1),(2818,'17584827',287000,'0','2011-09-22',1),(2819,'17584827',287000,'0','2011-10-19',1),(2820,'17584827',325000,'0','2011-11-21',1),(2821,'17584827',287000,'0','2011-12-21',1),(2822,'17584827',287000,'0','2012-01-20',1),(2823,'17584827',287000,'0','2012-02-21',1),(2824,'17584827',287000,'0','2012-03-17',1),(2825,'17584827',290000,'0','2012-04-30',1),(2826,'17584827',287000,'0','2012-05-22',1),(2827,'17584827',287000,'0','2012-06-29',1),(2828,'17584827',287000,'0','2012-07-30',1),(2829,'17584827',290000,'0','2012-08-22',1),(2830,'17584827',289000,'0','2012-09-25',1),(2831,'17584827',287000,'0','2012-10-29',1),(2832,'94327269',59400,'0','2012-08-27',1),(2833,'94327269',221000,'0','2012-09-24',1),(2834,'94327269',59400,'0','2012-09-24',1),(2835,'94327269',250000,'0','2012-10-22',1),(2836,'94327269',250000,'0','2012-10-22',1),(2837,'17595963',272000,'0','2010-01-06',1),(2838,'17595963',378156,'0','2010-02-05',1),(2839,'17595963',378156,'0','2010-03-05',1),(2840,'17595963',378200,'0','2010-04-05',1),(2841,'17595963',378500,'0','2010-05-05',1),(2842,'17595963',378156,'0','2010-06-02',1),(2843,'17595963',378200,'0','2010-06-29',1),(2844,'17595963',378200,'0','2010-08-05',1),(2845,'17595963',378200,'0','2010-09-03',1),(2846,'17595963',378200,'0','2010-10-05',1),(2847,'17595963',378200,'0','2010-11-03',1),(2848,'17595963',378200,'0','2010-12-02',1),(2849,'17595963',464350,'0','2011-01-01',1),(2850,'17595963',378200,'0','2011-02-04',1),(2851,'17595963',400000,'0','2011-03-04',1),(2852,'17595963',400000,'0','2011-04-04',1),(2853,'17595963',400000,'0','2011-05-05',1),(2854,'17595963',400000,'0','2011-06-07',1),(2855,'17595963',400000,'0','2011-07-05',1),(2856,'17595963',400000,'0','2011-08-05',1),(2857,'17595963',400000,'0','2011-09-08',1),(2858,'17595963',400000,'0','2011-10-11',1),(2859,'17595963',400000,'0','2011-11-05',1),(2860,'17595963',400000,'0','2011-12-06',1),(2861,'17595963',400000,'0','2012-01-06',1),(2862,'17595963',400000,'0','2012-02-06',1),(2863,'17595963',400000,'0','2012-03-05',1),(2864,'17595963',400000,'0','2012-04-03',1),(2865,'17595963',400000,'0','2012-05-03',1),(2866,'17595963',400000,'0','2012-06-04',1),(2867,'17595963',400000,'0','2012-07-04',1),(2868,'17595963',400000,'0','2012-08-03',1),(2869,'17595963',400000,'0','2012-09-04',1),(2870,'17595963',400000,'0','2012-10-05',1),(2871,'17591335',128000,'0','2009-10-22',1),(2872,'17591335',280000,'0','2010-01-21',1),(2873,'17591335',300000,'0','2010-07-06',1),(2874,'17591335',600000,'0','2011-01-17',1),(2875,'17591335',280000,'0','2011-02-17',1),(2876,'17591335',1550000,'0','2011-06-21',1),(2877,'17591335',300000,'0','2011-12-19',1),(2878,'17591335',600000,'0','2012-01-16',1),(2879,'17591335',400000,'0','2012-02-23',1),(2880,'68291798',240000,'0','2006-02-01',1),(2881,'68291798',253000,'0','2006-03-02',1),(2882,'68291798',246000,'0','2006-04-05',1),(2883,'68291798',246000,'0','2006-05-08',1),(2884,'68291798',245000,'0','2006-06-08',1),(2885,'68291798',245000,'0','2006-07-17',1),(2886,'68291798',300000,'0','2006-11-07',1),(2887,'17590875',96000,'0','2009-10-22',1),(2888,'17590875',80000,'0','2009-11-20',1),(2889,'17590875',100000,'0','2009-12-18',1),(2890,'17590875',100000,'0','2010-01-21',1),(2891,'17590875',180000,'0','2010-02-23',1),(2892,'17590875',180000,'0','2010-03-20',1),(2893,'17590875',180000,'0','2010-04-19',1),(2894,'17590875',175000,'0','2010-05-19',1),(2895,'17590875',175000,'0','2010-06-19',1),(2896,'17590875',175000,'0','2010-07-23',1),(2897,'17590875',175000,'0','2010-08-28',1),(2898,'17590875',175000,'0','2010-09-21',1),(2899,'17590875',200000,'0','2010-10-23',1),(2900,'17590875',200000,'0','2010-11-22',1),(2901,'17590875',200000,'0','2010-12-21',1),(2902,'17590875',180000,'0','2011-01-27',1),(2903,'17590875',180000,'0','2011-02-22',1),(2904,'17590875',180000,'0','2011-03-31',1),(2905,'17590875',180000,'0','2011-04-29',1),(2906,'17590875',180000,'0','2011-05-19',1),(2907,'17590875',180000,'0','2011-06-29',1),(2908,'17590875',200000,'0','2011-08-03',1),(2909,'17590875',180000,'0','2011-08-30',1),(2910,'17590875',200000,'0','2011-09-27',1),(2911,'17590875',200000,'0','2011-11-01',1),(2912,'17590875',180000,'0','2011-11-30',1),(2913,'17590875',180000,'0','2011-12-22',1),(2914,'17590875',180000,'0','2012-02-02',1),(2915,'17590875',175000,'0','2012-02-22',1),(2916,'17590875',175000,'0','2012-03-31',1),(2917,'17590875',180000,'0','2012-04-30',1),(2918,'17590875',180000,'0','2012-06-01',1),(2919,'17590875',180000,'0','2012-06-28',1),(2920,'17590875',180000,'0','2012-07-30',1),(2921,'17590875',180000,'0','2012-08-31',1),(2922,'17590875',175000,'0','2012-09-29',1),(2923,'17590875',175000,'0','2012-10-31',1),(2924,'17586603',400000,'0','2011-11-10',1),(2925,'17586603',536500,'0','2012-01-10',1),(2926,'17586603',570000,'0','2012-05-11',1),(2927,'17586603',1095000,'0','2012-07-10',1),(2928,'17586603',270000,'0','2012-08-09',1),(2929,'17586603',170000,'0','2012-09-12',1),(2930,'17586603',420000,'0','2012-10-08',1),(2931,'17582097',60000,'0','2012-08-02',1),(2932,'17582097',300000,'0','2012-09-01',1),(2933,'17582097',300000,'0','2012-10-02',1),(2934,'17589294',288000,'0','2011-06-01',1),(2935,'17589294',180000,'0','2011-06-30',1),(2936,'17589294',186000,'0','2011-08-01',1),(2937,'17589294',180000,'0','2011-09-02',1),(2938,'17589294',410000,'0','2011-10-03',1),(2939,'17589294',422100,'0','2011-11-01',1),(2940,'17589294',416000,'0','2011-12-02',1),(2941,'17589294',417000,'0','2012-01-04',1),(2942,'17589294',416000,'0','2012-02-02',1),(2943,'17589294',416000,'0','2012-03-06',1),(2944,'17589294',420000,'0','2012-05-02',1),(2945,'17589294',420000,'0','2012-05-30',1),(2946,'17589294',520000,'0','2012-07-09',1),(2947,'17589294',630000,'0','2012-08-27',1),(2948,'17589294',215000,'0','2012-09-29',1),(2949,'17589294',430000,'0','2012-10-30',1),(2950,'19292709',48000,'0','2012-01-17',1),(2951,'19292709',1300000,'0','2012-02-13',1),(2952,'19292709',700000,'0','2012-03-12',1),(2953,'19292709',400000,'0','2012-06-20',1),(2954,'19292709',1280000,'0','2012-07-12',1),(2955,'19292709',500000,'0','2012-07-30',1),(2956,'18917822',192000,'0','2009-11-12',1),(2957,'18917822',268000,'0','2009-12-21',1),(2958,'18917822',268000,'0','2010-01-06',1),(2959,'18917822',268000,'0','2010-02-09',1),(2960,'18917822',537000,'0','2010-04-12',1),(2961,'18917822',537000,'0','2010-06-22',1),(2962,'18917822',267000,'0','2010-09-29',1),(2963,'18917822',270000,'0','2010-10-19',1),(2964,'18917822',267000,'0','2010-11-02',1),(2965,'18917822',267000,'0','2010-11-18',1),(2966,'18917822',328000,'0','2010-12-13',1),(2967,'18917822',267000,'0','2011-01-12',1),(2968,'18917822',267000,'0','2011-02-11',1),(2969,'18917822',270000,'0','2011-03-11',1),(2970,'18917822',267000,'0','2011-04-13',1),(2971,'18917822',267000,'0','2011-05-12',1),(2972,'18917822',334500,'0','2011-05-30',1),(2973,'18917822',267500,'0','2011-06-16',1),(2974,'18917822',267200,'0','2011-07-15',1),(2975,'18917822',268000,'0','2011-08-22',1),(2976,'18917822',268000,'0','2011-09-19',1),(2977,'18917822',268000,'0','2011-10-18',1),(2978,'18917822',267000,'0','2011-11-15',1),(2979,'18917822',318000,'0','2011-12-13',1),(2980,'18917822',267000,'0','2012-01-13',1),(2981,'18917822',244000,'0','2012-02-13',1),(2982,'18917822',168000,'0','2012-03-13',1),(2983,'18917822',100000,'0','2012-03-15',1),(2984,'18917822',266000,'0','2012-04-12',1),(2985,'18917822',267000,'0','2012-05-14',1),(2986,'18917822',274000,'0','2012-08-02',1),(2987,'18917822',277000,'0','2012-09-18',1),(2988,'18917822',260000,'0','2012-10-02',1),(2989,'18917822',280000,'0','2012-10-16',1),(2990,'18917822',267000,'0','2012-10-29',1),(2991,'17592395',144000,'0','2011-06-01',1),(2992,'17592395',144000,'0','2011-06-20',1),(2993,'17592395',90000,'0','2011-07-01',1),(2994,'17592395',90000,'0','2011-07-19',1),(2995,'17592395',90000,'0','2011-08-01',1),(2996,'17592395',90000,'0','2011-08-20',1),(2997,'17592395',90000,'0','2011-09-01',1),(2998,'17592395',90000,'0','2011-09-20',1),(2999,'17592395',208000,'0','2011-10-01',1),(3000,'17592395',208000,'0','2011-10-18',1),(3001,'17592395',208000,'0','2011-10-31',1),(3002,'17592395',208000,'0','2011-11-18',1),(3003,'17592395',208000,'0','2011-11-30',1),(3004,'17592395',208000,'0','2011-12-16',1),(3005,'17592395',208000,'0','2011-12-28',1),(3006,'17592395',208000,'0','2012-01-17',1),(3007,'17592395',208000,'0','2012-02-20',1),(3008,'17592395',420000,'0','2012-03-20',1),(3009,'17592395',218000,'0','2012-04-17',1),(3010,'17592395',418000,'0','2012-04-17',1),(3011,'17592395',208000,'0','2012-05-05',1),(3012,'17592395',208000,'0','2012-05-19',1),(3013,'17592395',210000,'0','2012-06-05',1),(3014,'17592395',208000,'0','2012-06-21',1),(3015,'17592395',304000,'0','2012-07-04',1),(3016,'17592395',300000,'0','2012-07-14',1),(3017,'17592395',210000,'0','2012-08-06',1),(3018,'17592395',210000,'0','2012-08-18',1),(3019,'17592395',210000,'0','2012-09-01',1),(3020,'17592395',210000,'0','2012-09-25',1),(3021,'17592395',210000,'0','2012-10-01',1),(3022,'17592395',210000,'0','2012-10-25',1),(3023,'17585988',128000,'0','2009-10-22',1),(3024,'17585988',293000,'0','2010-01-26',1),(3025,'17585988',268000,'0','2010-04-30',1),(3026,'17585988',500000,'0','2011-03-01',1),(3027,'17585988',300000,'0','2011-03-30',1),(3028,'17585988',1200000,'0','2011-06-17',1),(3029,'17585988',600000,'0','2011-11-04',1),(3030,'17585988',200000,'0','2011-12-02',1),(3031,'17585988',200000,'0','2012-02-14',1),(3032,'96188994',128000,'0','2009-10-22',1),(3033,'96188994',100000,'0','2009-11-24',1),(3034,'96188994',100000,'0','2009-12-22',1),(3035,'96188994',100000,'0','2010-01-21',1),(3036,'96188994',230000,'0','2010-02-24',1),(3037,'96188994',230000,'0','2010-03-25',1),(3038,'96188994',260000,'0','2010-04-23',1),(3039,'96188994',240000,'0','2010-05-28',1),(3040,'96188994',240000,'0','2010-06-23',1),(3041,'96188994',240000,'0','2010-07-21',1),(3042,'96188994',260000,'0','2010-08-24',1),(3043,'96188994',240000,'0','2010-09-21',1),(3044,'96188994',270000,'0','2010-10-22',1),(3045,'96188994',240000,'0','2010-11-29',1),(3046,'96188994',240000,'0','2010-12-17',1),(3047,'96188994',240000,'0','2011-01-25',1),(3048,'96188994',240000,'0','2011-02-25',1),(3049,'96188994',260000,'0','2011-03-25',1),(3050,'96188994',260000,'0','2011-04-25',1),(3051,'96188994',260600,'0','2011-05-24',1),(3052,'96188994',260000,'0','2011-06-22',1),(3053,'96188994',240000,'0','2011-07-19',1),(3054,'96188994',260000,'0','2011-08-26',1),(3055,'96188994',240000,'0','2011-09-27',1),(3056,'96188994',240000,'0','2011-10-25',1),(3057,'96188994',260000,'0','2011-11-23',1),(3058,'96188994',240000,'0','2011-12-20',1),(3059,'96188994',240000,'0','2012-01-23',1),(3060,'96188994',240000,'0','2012-02-21',1),(3061,'96188994',240000,'0','2012-03-22',1),(3062,'96188994',240000,'0','2012-04-19',1),(3063,'96188994',240000,'0','2012-05-24',1),(3064,'96188994',240000,'0','2012-06-25',1),(3065,'96188994',240000,'0','2012-07-19',1),(3066,'96188994',240000,'0','2012-08-23',1),(3067,'96188994',260000,'0','2012-09-24',1),(3068,'96188994',240000,'0','2012-10-22',1),(3069,'13886045',240000,'0','2009-10-22',1),(3070,'13886045',335000,'0','2009-11-20',1),(3071,'13886045',335000,'0','2009-12-10',1),(3072,'13886045',335000,'0','2010-01-05',1),(3073,'13886045',350000,'0','2010-02-16',1),(3074,'13886045',335000,'0','2010-03-19',1),(3075,'13886045',335000,'0','2010-04-08',1),(3076,'13886045',48000,'0','2010-04-22',1),(3077,'13886045',334000,'0','2010-05-14',1),(3078,'13886045',67000,'0','2010-05-14',1),(3079,'13886045',334000,'0','2010-06-10',1),(3080,'13886045',67000,'0','2010-06-10',1),(3081,'13886045',333666,'0','2010-07-09',1),(3082,'13886045',66334,'0','2010-07-09',1),(3083,'13886045',340000,'0','2010-08-09',1),(3084,'13886045',70000,'0','2010-08-09',1),(3085,'13886045',352000,'0','2010-09-09',1),(3086,'13886045',68000,'0','2010-09-09',1),(3087,'13886045',383267,'0','2010-10-19',1),(3088,'13886045',66733,'0','2010-10-19',1),(3089,'13886045',362000,'0','2010-11-18',1),(3090,'13886045',88000,'0','2010-11-18',1),(3091,'13886045',380000,'0','2010-12-30',1),(3092,'13886045',70000,'0','2010-12-30',1),(3093,'13886045',350000,'0','2011-01-20',1),(3094,'13886045',100000,'0','2011-01-20',1),(3095,'13886045',350000,'0','2011-02-21',1),(3096,'13886045',100000,'0','2011-02-21',1),(3097,'13886045',350000,'0','2011-03-19',1),(3098,'13886045',100000,'0','2011-03-19',1),(3099,'13886045',350000,'0','2011-04-20',1),(3100,'13886045',100000,'0','2011-04-20',1),(3101,'13886045',350000,'0','2011-05-20',1),(3102,'13886045',100000,'0','2011-05-20',1),(3103,'13886045',350000,'0','2011-06-29',1),(3104,'13886045',100000,'0','2011-06-29',1),(3105,'13886045',428650,'0','2011-08-23',1),(3106,'13886045',21350,'0','2011-08-23',1),(3107,'13886045',502800,'0','2011-09-20',1),(3108,'13886045',147200,'0','2011-09-20',1),(3109,'13886045',250000,'0','2011-10-05',1),(3110,'13886045',350000,'0','2011-10-20',1),(3111,'13886045',100000,'0','2011-10-20',1),(3112,'13886045',350000,'0','2011-11-21',1),(3113,'13886045',100000,'0','2011-11-21',1),(3114,'13886045',333700,'0','2011-12-20',1),(3115,'13886045',66300,'0','2011-12-20',1),(3116,'13886045',340000,'0','2012-01-20',1),(3117,'13886045',80000,'0','2012-01-20',1),(3118,'13886045',350000,'0','2012-02-20',1),(3119,'13886045',100000,'0','2012-02-20',1),(3120,'13886045',350000,'0','2012-04-09',1),(3121,'13886045',100000,'0','2012-04-09',1),(3122,'13886045',350000,'0','2012-04-23',1),(3123,'13886045',100000,'0','2012-04-23',1),(3124,'13886045',350000,'0','2012-05-22',1),(3125,'13886045',100000,'0','2012-05-23',1),(3126,'13886045',350000,'0','2012-06-21',1),(3127,'13886045',100000,'0','2012-06-21',1),(3128,'13886045',335500,'0','2012-08-06',1),(3129,'13886045',64500,'0','2012-08-06',1),(3130,'13886045',340000,'0','2012-09-08',1),(3131,'13886045',80000,'0','2012-09-08',1),(3132,'13886045',335000,'0','2012-10-06',1),(3133,'13886045',65000,'0','2012-10-06',1),(3134,'13886045',191000,'0','2012-10-22',1),(3135,'13886045',59000,'0','2012-10-22',1),(3136,'17592195',160000,'0','2009-08-14',1),(3137,'17592195',117000,'0','2009-09-14',1),(3138,'17592195',117000,'0','2009-10-13',1),(3139,'17592195',117000,'0','2009-11-14',1),(3140,'17592195',287000,'0','2009-12-14',1),(3141,'17592195',287000,'0','2010-01-18',1),(3142,'17592195',290000,'0','2010-02-27',1),(3143,'17592195',290000,'0','2010-03-31',1),(3144,'17592195',579074,'0','2010-05-31',1),(3145,'17592195',287000,'0','2010-07-19',1),(3146,'17592195',200000,'0','2010-09-06',1),(3147,'17592195',300000,'0','2010-11-02',1),(3148,'17592195',300000,'0','2010-12-15',1),(3149,'17592195',800000,'0','2011-02-04',1),(3150,'17592195',300000,'0','2011-02-04',1),(3151,'17592195',300000,'0','2011-02-21',1),(3152,'17592195',350000,'0','2011-03-07',1),(3153,'17592195',350000,'0','2011-04-07',1),(3154,'17592195',220000,'0','2011-05-10',1),(3155,'17592195',230000,'0','2011-05-11',1),(3156,'17592195',306000,'0','2011-06-07',1),(3157,'17592195',291000,'0','2011-08-08',1),(3158,'17592195',300000,'0','2011-10-20',1),(3159,'17592195',300000,'0','2011-11-08',1),(3160,'17592195',300000,'0','2012-01-02',1),(3161,'17592195',300000,'0','2012-02-20',1),(3162,'17592195',300000,'0','2012-03-20',1),(3163,'17592195',300000,'0','2012-04-09',1),(3164,'17592195',400000,'0','2012-04-20',1),(3165,'17592195',400000,'0','2012-05-18',1),(3166,'17592195',400000,'0','2012-07-23',1),(3167,'17592195',300000,'0','2012-08-21',1),(3168,'17592195',300000,'0','2012-10-05',1),(3169,'19111345',240000,'0','2009-11-28',1),(3170,'19111345',334000,'0','2009-12-28',1),(3171,'19111345',334000,'0','2010-01-28',1),(3172,'19111345',680000,'0','2010-03-30',1),(3173,'19111345',334000,'0','2010-04-27',1),(3174,'19111345',400000,'0','2011-02-23',1),(3175,'19111345',7835000,'0','2012-02-23',1),(3176,'19111345',335000,'0','2012-03-29',1),(3177,'19111345',334000,'0','2012-04-27',1),(3178,'19111345',334000,'0','2012-05-24',1),(3179,'13459975',144000,'0','2011-07-05',1),(3180,'13459975',100000,'0','2011-08-05',1),(3181,'13459975',80000,'0','2011-09-06',1),(3182,'13459975',100000,'0','2011-10-05',1),(3183,'13459975',208000,'0','2011-11-04',1),(3184,'13459975',144000,'0','2011-11-10',1),(3185,'13459975',210000,'0','2011-12-05',1),(3186,'13459975',90000,'0','2011-12-05',1),(3187,'13459975',210000,'0','2012-01-05',1),(3188,'13459975',90000,'0','2012-01-05',1),(3189,'13459975',90000,'0','2012-02-06',1),(3190,'13459975',210000,'0','2012-02-06',1),(3191,'13459975',202000,'0','2012-03-05',1),(3192,'13459975',208000,'0','2012-03-05',1),(3193,'13459975',208000,'0','2012-04-09',1),(3194,'13459975',32000,'0','2012-04-09',1),(3195,'13459975',20000,'0','2012-05-05',1),(3196,'13459975',180000,'0','2012-05-05',1),(3197,'13459975',600000,'0','2012-10-30',1),(3198,'13459975',600000,'0','2012-10-30',1),(3199,'91001095',192000,'0','2009-11-24',1),(3200,'91001095',267000,'0','2009-12-17',1),(3201,'91001095',267000,'0','2010-01-22',1),(3202,'91001095',267000,'0','2010-02-20',1),(3203,'91001095',267000,'0','2010-03-24',1),(3204,'91001095',267000,'0','2010-04-23',1),(3205,'91001095',267000,'0','2010-05-24',1),(3206,'91001095',267000,'0','2010-06-22',1),(3207,'91001095',267000,'0','2010-07-26',1),(3208,'91001095',268000,'0','2010-08-31',1),(3209,'91001095',267000,'0','2010-09-17',1),(3210,'91001095',269000,'0','2010-10-30',1),(3211,'91001095',327753,'0','2010-11-24',1),(3212,'91001095',267000,'0','2010-12-22',1),(3213,'91001095',267000,'0','2011-01-14',1),(3214,'91001095',267000,'0','2011-02-23',1),(3215,'91001095',267000,'0','2011-03-24',1),(3216,'91001095',267000,'0','2011-04-20',1),(3217,'91001095',268000,'0','2011-05-28',1),(3218,'91001095',266934,'0','2011-06-24',1),(3219,'91001095',269000,'0','2011-08-04',1),(3220,'91001095',266934,'0','2011-08-26',1),(3221,'91001095',270000,'0','2011-10-18',1),(3222,'91001095',267000,'0','2011-11-02',1),(3223,'91001095',318000,'0','2011-11-25',1),(3224,'91001095',267000,'0','2011-12-23',1),(3225,'91001095',268000,'0','2012-01-30',1),(3226,'91001095',267000,'0','2012-02-17',1),(3227,'91001095',268000,'0','2012-03-26',1),(3228,'91001095',268000,'0','2012-04-27',1),(3229,'91001095',268000,'0','2012-05-24',1),(3230,'91001095',268000,'0','2012-07-03',1),(3231,'91001095',269000,'0','2012-07-19',1),(3232,'91001095',270000,'0','2012-08-29',1),(3233,'91001095',268000,'0','2012-10-01',1),(3234,'36500960',160000,'0','2009-07-30',1),(3235,'36500960',120000,'0','2009-08-31',1),(3236,'36500960',120000,'0','2009-10-06',1),(3237,'36500960',120000,'0','2009-10-28',1),(3238,'36500960',500000,'0','2009-11-25',1),(3239,'36500960',500000,'0','2009-12-30',1),(3240,'36500960',287000,'0','2010-01-29',1),(3241,'36500960',280000,'0','2010-02-26',1),(3242,'36500960',290000,'0','2010-03-31',1),(3243,'36500960',290000,'0','2010-04-30',1),(3244,'36500960',290000,'0','2010-05-28',1),(3245,'36500960',290000,'0','2010-06-30',1),(3246,'36500960',338000,'0','2010-07-30',1),(3247,'36500960',290000,'0','2010-08-30',1),(3248,'36500960',287000,'0','2010-09-30',1),(3249,'36500960',300000,'0','2010-10-29',1),(3250,'36500960',287000,'0','2010-11-30',1),(3251,'36500960',287000,'0','2010-12-30',1),(3252,'36500960',290000,'0','2011-01-28',1),(3253,'36500960',290000,'0','2011-02-28',1),(3254,'36500960',289000,'0','2011-03-31',1),(3255,'36500960',290000,'0','2011-04-29',1),(3256,'36500960',290000,'0','2011-05-30',1),(3257,'36500960',290000,'0','2011-06-30',1),(3258,'36500960',300000,'0','2011-07-30',1),(3259,'36500960',290000,'0','2011-08-30',1),(3260,'36500960',280000,'0','2011-09-30',1),(3261,'36500960',320000,'0','2011-10-31',1),(3262,'36500960',290000,'0','2011-11-30',1),(3263,'36500960',280000,'0','2011-12-29',1),(3264,'36500960',285000,'0','2012-01-30',1),(3265,'36500960',280000,'0','2012-02-29',1),(3266,'36500960',295000,'0','2012-03-30',1),(3267,'36500960',300000,'0','2012-04-30',1),(3268,'36500960',290000,'0','2012-05-30',1),(3269,'36500960',282000,'0','2012-06-30',1),(3270,'36500960',308000,'0','2012-07-30',1),(3271,'36500960',290000,'0','2012-08-30',1),(3272,'36500960',290000,'0','2012-10-01',1),(3273,'36500960',290000,'0','2012-10-30',1),(3274,'77100215',160000,'0','2009-12-18',1),(3275,'77100215',200000,'0','2010-01-18',1),(3276,'77100215',200000,'0','2010-02-16',1),(3277,'77100215',200000,'0','2010-03-17',1),(3278,'77100215',200000,'0','2010-04-16',1),(3279,'77100215',376000,'0','2010-05-18',1),(3280,'77100215',287000,'0','2010-06-17',1),(3281,'77100215',286921,'0','2010-07-17',1),(3282,'77100215',287000,'0','2010-08-18',1),(3283,'77100215',300000,'0','2010-11-18',1),(3284,'77100215',700000,'0','2011-01-03',1),(3285,'77100215',517500,'0','2011-06-30',1),(3286,'77100215',286921,'0','2011-07-19',1),(3287,'77100215',500000,'0','2011-08-10',1),(3288,'77100215',286921,'0','2011-08-22',1),(3289,'77100215',500000,'0','2011-09-26',1),(3290,'77100215',500000,'0','2011-10-31',1),(3291,'77100215',500000,'0','2012-01-02',1),(3292,'77100215',600000,'0','2012-01-16',1),(3293,'77100215',500000,'0','2012-02-17',1),(3294,'77100215',700000,'0','2012-03-31',1),(3295,'77100215',287000,'0','2012-04-18',1),(3296,'77100215',300000,'0','2012-06-01',1),(3297,'77100215',300000,'0','2012-07-17',1),(3298,'77100215',300000,'0','2012-08-17',1),(3299,'77100215',300000,'0','2012-09-20',1),(3300,'77100215',300000,'0','2012-10-16',1),(3301,'88000912',100000,'0','2010-04-27',1),(3302,'88000912',400000,'0','2010-07-23',1),(3303,'88000912',100000,'0','2010-08-30',1),(3304,'88000912',150000,'0','2011-04-18',1),(3305,'88000912',300000,'0','2011-09-30',1),(3306,'17588761',128000,'0','2009-10-22',1),(3307,'17588761',293000,'0','2010-01-26',1),(3308,'17588761',280000,'0','2010-04-22',1),(3309,'17588761',280000,'0','2010-07-16',1),(3310,'17588761',279000,'0','2010-10-19',1),(3311,'17588761',49000,'0','2011-01-03',1),(3312,'17588761',280000,'0','2011-01-21',1),(3313,'17588761',241000,'0','2011-06-01',1),(3314,'17588761',700000,'0','2011-07-15',1),(3315,'17588761',200000,'0','2011-08-01',1),(3316,'17588761',500000,'0','2011-08-04',1),(3317,'17588761',70000,'0','2011-08-31',1),(3318,'17588761',700000,'0','2011-10-18',1),(3319,'17588761',780000,'0','2011-11-01',1),(3320,'17588761',20000,'0','2011-12-27',1),(3321,'17588761',198000,'0','2012-01-18',1),(3322,'17588761',1480000,'0','2012-04-16',1),(3323,'17588761',154200,'0','2012-07-21',1),(3324,'17588761',1545000,'0','2012-10-16',1),(3325,'91345830',190000,'0','2008-09-22',1),(3326,'91345830',187138,'0','2008-10-22',1),(3327,'91345830',188626,'0','2008-11-21',1),(3328,'91345830',378780,'0','2009-02-09',1),(3329,'91345830',380457,'0','2009-03-26',1),(3330,'91345830',189000,'0','2009-04-27',1),(3331,'91345830',389000,'0','2009-06-27',1),(3332,'91345830',189344,'0','2009-07-27',1),(3333,'91345830',371000,'0','2009-09-19',1),(3334,'91345830',23000,'23000','2009-09-19',1),(3335,'91345830',179000,'0','2009-10-21',1),(3336,'91345830',180000,'0','2009-11-20',1),(3337,'91345830',180000,'6500','2009-12-19',1),(3338,'91345830',180000,'0','2010-01-16',1),(3339,'91345830',180000,'0','2010-02-22',1),(3340,'91345830',180000,'0','2010-03-24',1),(3341,'91345830',180000,'0','2010-04-22',1),(3342,'91345830',180000,'0','2010-05-25',1),(3343,'91345830',180000,'0','2010-06-21',1),(3344,'91345830',180000,'0','2010-07-19',1),(3345,'91345830',180000,'10038','2010-08-26',1),(3346,'91345830',180000,'8000','2010-09-23',1),(3347,'91345830',180000,'17000','2010-10-19',1),(3348,'91345830',200000,'0','2010-11-29',1),(3349,'91345830',180000,'0','2011-01-07',1),(3350,'91345830',180000,'0','2011-01-18',1),(3351,'91345830',180000,'0','2011-03-16',1),(3352,'91345830',180000,'0','2011-04-19',1),(3353,'91345830',180000,'0','2011-05-24',1),(3354,'91345830',180000,'0','2011-06-18',1),(3355,'91345830',180000,'0','2011-07-08',1),(3356,'91345830',180000,'0','2011-07-18',1),(3357,'91345830',180000,'0','2011-08-19',1),(3358,'91345830',180000,'10069','2011-09-22',1),(3359,'91345830',180000,'0','2011-10-18',1),(3360,'91345830',180000,'0','2011-11-18',1),(3361,'91345830',180000,'0','2011-12-20',1),(3362,'91345830',180000,'0','2012-02-08',1),(3363,'91345830',175000,'0','2012-02-16',1),(3364,'91345830',180000,'0','2012-03-20',1),(3365,'91345830',180000,'0','2012-04-18',1),(3366,'91345830',200000,'0','2012-07-06',1),(3367,'91345830',300000,'0','2012-08-06',1),(3368,'91345830',401000,'0','2012-10-04',1),(3369,'17588625',108000,'0','2012-03-15',1),(3370,'17588625',400400,'0','2012-04-16',1),(3371,'17588625',400400,'0','2012-05-22',1),(3372,'17588625',800800,'0','2012-07-27',1),(3373,'17588625',810000,'0','2012-09-17',1),(3374,'17595182',370929,'0','2006-04-17',1),(3375,'17595182',370850,'0','2006-05-15',1),(3376,'17595182',1000000,'0','2006-06-12',1),(3377,'17595182',1000000,'0','2006-07-14',1),(3378,'17595182',1000000,'0','2006-08-10',1),(3379,'17595182',261348,'0','2006-09-14',1),(3380,'17595182',261262,'0','2006-10-11',1),(3381,'17595182',261176,'0','2006-11-15',1),(3382,'17595182',261090,'0','2006-12-14',1),(3383,'17595182',261882,'0','2007-01-19',1),(3384,'17595182',262057,'0','2007-02-15',1),(3385,'17595182',261707,'0','2007-03-12',1),(3386,'17595182',261619,'0','2007-04-16',1),(3387,'17595182',261596,'0','2007-05-15',1),(3388,'17595182',261441,'0','2007-06-13',1),(3389,'17595182',261352,'0','2007-07-09',1),(3390,'17595182',261262,'0','2007-08-13',1),(3391,'17595182',261172,'0','2007-09-17',1),(3392,'17595182',261081,'0','2007-10-17',1),(3393,'17595182',260989,'0','2007-11-16',1),(3394,'17595182',260963,'0','2007-12-17',1),(3395,'17595182',261975,'0','2008-01-25',1),(3396,'17595182',578597,'0','2008-03-14',1),(3397,'17595182',322810,'0','2008-04-24',1),(3398,'17595182',322810,'0','2008-04-24',1),(3399,'17595182',578108,'0','2008-06-26',1),(3400,'17595182',148226,'0','2008-07-18',1),(3401,'17595182',261215,'0','2008-08-26',1),(3402,'17595182',261793,'0','2008-09-24',1),(3403,'17595182',261552,'0','2008-10-22',1),(3404,'17595182',261309,'0','2008-11-26',1),(3405,'17595182',525454,'0','2009-02-17',1),(3406,'17595182',527742,'0','2009-03-26',1),(3407,'17595182',261535,'0','2009-04-30',1),(3408,'17595182',300000,'0','2009-07-14',1),(3409,'17595182',262000,'0','2009-08-14',1),(3410,'17595182',300000,'10911','2009-10-19',1),(3411,'17595182',200000,'0','2010-02-05',1),(3412,'17595182',200000,'0','2010-03-23',1),(3413,'17595182',200000,'0','2010-03-23',1),(3414,'17595182',100000,'5284','2010-09-21',1),(3415,'17595182',100000,'0','2010-10-22',1),(3416,'17595182',100000,'0','2011-01-21',1),(3417,'17595182',100000,'0','2011-05-11',1),(3418,'17595182',100000,'0','2011-09-28',1),(3419,'17595182',120000,'0','2012-06-23',1),(3420,'17596436',128000,'0','2009-10-22',1),(3421,'17596436',280000,'0','2010-01-25',1),(3422,'17596436',280000,'0','2010-04-16',1),(3423,'17596436',280000,'0','2010-07-21',1),(3424,'17596436',328000,'0','2010-10-16',1),(3425,'17596436',280000,'0','2011-01-20',1),(3426,'17596436',1400000,'0','2011-04-20',1),(3427,'17596436',241000,'0','2011-07-18',1),(3428,'17596436',1770000,'0','2012-01-16',1),(3429,'17596436',1510000,'0','2012-06-04',1),(3430,'17596436',155000,'0','2012-07-16',1),(3431,'91526940',272000,'0','2009-12-09',1),(3432,'91526940',378500,'0','2010-01-09',1),(3433,'91526940',378000,'0','2010-02-09',1),(3434,'91526940',378000,'0','2010-03-09',1),(3435,'91526940',378000,'0','2010-04-07',1),(3436,'91526940',378000,'0','2010-05-10',1),(3437,'91526940',378000,'0','2010-06-21',1),(3438,'91526940',383000,'0','2010-07-22',1),(3439,'91526940',378200,'0','2010-08-09',1),(3440,'91526940',379300,'0','2010-09-20',1),(3441,'91526940',378200,'0','2010-10-09',1),(3442,'91526940',378200,'0','2010-11-06',1),(3443,'91526940',464316,'0','2010-12-09',1),(3444,'91526940',382000,'0','2011-01-24',1),(3445,'91526940',379000,'0','2011-02-10',1),(3446,'91526940',378000,'0','2011-03-11',1),(3447,'91526940',378000,'0','2011-04-04',1),(3448,'91526940',378000,'0','2011-05-06',1),(3449,'91526940',380000,'0','2011-06-07',1),(3450,'91526940',378200,'0','2011-07-08',1),(3451,'91526940',379000,'0','2011-08-10',1),(3452,'91526940',380000,'0','2011-09-15',1),(3453,'91526940',378000,'0','2011-10-03',1),(3454,'91526940',380000,'0','2011-11-15',1),(3455,'91526940',450000,'0','2011-12-09',1),(3456,'91526940',380000,'0','2012-01-16',1),(3457,'91526940',380000,'0','2012-02-16',1),(3458,'91526940',380000,'0','2012-03-15',1),(3459,'91526940',380000,'0','2012-04-20',1),(3460,'91526940',380000,'0','2012-05-18',1),(3461,'91526940',380000,'0','2012-06-20',1),(3462,'91526940',380000,'0','2012-07-10',1),(3463,'91526940',380000,'0','2012-08-14',1),(3464,'91526940',380000,'0','2012-09-12',1),(3465,'91526940',378000,'0','2012-10-04',1),(3466,'4831981',160000,'0','2011-09-26',1),(3467,'4831981',100000,'0','2011-10-21',1),(3468,'4831981',100000,'0','2011-11-22',1),(3469,'4831981',100000,'0','2011-12-26',1),(3470,'4831981',80000,'0','2012-01-05',1),(3471,'4831981',231000,'0','2012-01-25',1),(3472,'4831981',112000,'0','2012-02-06',1),(3473,'4831981',231000,'0','2012-02-20',1),(3474,'4831981',111200,'0','2012-03-05',1),(3475,'4831981',231000,'0','2012-03-20',1),(3476,'4831981',111300,'0','2012-04-03',1),(3477,'4831981',232000,'0','2012-04-20',1),(3478,'4831981',111600,'0','2012-05-04',1),(3479,'4831981',232000,'0','2012-05-22',1),(3480,'4831981',112000,'0','2012-06-05',1),(3481,'4831981',231000,'0','2012-06-20',1),(3482,'4831981',112000,'0','2012-07-03',1),(3483,'4831981',231000,'0','2012-07-21',1),(3484,'4831981',112000,'0','2012-08-06',1),(3485,'4831981',231200,'0','2012-08-21',1),(3486,'4831981',112000,'0','2012-09-04',1),(3487,'4831981',284000,'0','2012-09-19',1),(3488,'4831981',112000,'0','2012-10-05',1),(3489,'4831981',232000,'0','2012-10-22',1),(3490,'13474030',240000,'0','2009-08-21',1),(3491,'13474030',334000,'0','2009-09-23',1),(3492,'13474030',334000,'0','2009-10-27',1),(3493,'13474030',334000,'0','2009-11-24',1),(3494,'13474030',334000,'0','2009-12-28',1),(3495,'13474030',336000,'0','2010-01-20',1),(3496,'13474030',335000,'0','2010-02-23',1),(3497,'13474030',336000,'0','2010-03-24',1),(3498,'13474030',332000,'0','2010-05-06',1),(3499,'13474030',320000,'0','2010-06-10',1),(3500,'13474030',330000,'0','2010-06-22',1),(3501,'13474030',333667,'0','2010-08-02',1),(3502,'13474030',350000,'0','2010-08-30',1),(3503,'13474030',1431000,'0','2010-12-09',1),(3504,'13474030',340000,'0','2011-01-28',1),(3505,'13474030',1716000,'0','2011-07-11',1),(3506,'13474030',1400000,'0','2011-11-02',1),(3507,'13474030',2444000,'0','2012-05-30',1),(3508,'17548406',80000,'0','2009-11-05',1),(3509,'17548406',60000,'0','2009-12-04',1),(3510,'17548406',60000,'0','2010-01-05',1),(3511,'17548406',60000,'0','2010-02-02',1),(3512,'17548406',144000,'0','2010-03-05',1),(3513,'17548406',144000,'0','2010-04-05',1),(3514,'17548406',144000,'0','2010-05-03',1),(3515,'17548406',144000,'0','2010-06-02',1),(3516,'17548406',144000,'0','2010-07-06',1),(3517,'17548406',144000,'0','2010-08-03',1),(3518,'17548406',145000,'0','2010-09-03',1),(3519,'17548406',145000,'0','2010-10-04',1),(3520,'17548406',169000,'0','2010-11-03',1),(3521,'17548406',150000,'0','2010-12-02',1),(3522,'17548406',150000,'0','2011-01-06',1),(3523,'17548406',150000,'0','2011-02-03',1),(3524,'17548406',150000,'0','2011-03-04',1),(3525,'17548406',150000,'0','2011-04-01',1),(3526,'17548406',150000,'0','2011-05-03',1),(3527,'17548406',150000,'0','2011-06-07',1),(3528,'17548406',150000,'0','2011-07-05',1),(3529,'17548406',150000,'0','2011-08-04',1),(3530,'17548406',150000,'0','2011-09-05',1),(3531,'17548406',150000,'0','2011-10-04',1),(3532,'17548406',150000,'0','2011-11-09',1),(3533,'17548406',160000,'0','2011-12-05',1),(3534,'17548406',150000,'0','2012-01-06',1),(3535,'17548406',150000,'0','2012-02-06',1),(3536,'17548406',150000,'0','2012-03-05',1),(3537,'17548406',150000,'0','2012-04-09',1),(3538,'17548406',150000,'0','2012-05-07',1),(3539,'17548406',150000,'0','2012-06-05',1),(3540,'17548406',150000,'0','2012-07-03',1),(3541,'17548406',150000,'0','2012-08-06',1),(3542,'17548406',800000,'0','2012-08-21',1),(3543,'17548406',500000,'0','2012-10-09',1),(3544,'17587314',288000,'0','2011-10-06',1),(3545,'17587314',401000,'0','2011-11-02',1),(3546,'17587314',401000,'0','2011-12-09',1),(3547,'17587314',401000,'0','2012-01-03',1),(3548,'17587314',401000,'0','2012-02-03',1),(3549,'17587314',405000,'0','2012-03-13',1),(3550,'17587314',401000,'0','2012-04-09',1),(3551,'17587314',401000,'0','2012-05-29',1),(3552,'17587314',401000,'0','2012-06-05',1),(3553,'17587314',401000,'0','2012-07-06',1),(3554,'17587314',403000,'0','2012-08-27',1),(3555,'17587314',405000,'0','2012-09-27',1),(3556,'17587314',495000,'0','2012-10-29',1),(3557,'13464828',272000,'0','2010-04-12',1),(3558,'13464828',380000,'0','2010-05-06',1),(3559,'13464828',380000,'0','2010-06-08',1),(3560,'13464828',380000,'0','2010-07-06',1),(3561,'13464828',380000,'0','2010-08-03',1),(3562,'13464828',380000,'0','2010-09-06',1),(3563,'13464828',380000,'0','2010-10-01',1),(3564,'13464828',380000,'0','2010-11-09',1),(3565,'13464828',380000,'0','2010-12-02',1),(3566,'13464828',380000,'0','2011-01-12',1),(3567,'13464828',380000,'0','2011-02-01',1),(3568,'13464828',380000,'0','2011-03-04',1),(3569,'13464828',380000,'0','2011-04-05',1),(3570,'13464828',380000,'0','2011-05-04',1),(3571,'13464828',85500,'0','2011-05-23',1),(3572,'13464828',380000,'0','2011-06-07',1),(3573,'13464828',380000,'0','2011-07-11',1),(3574,'13464828',380000,'0','2011-08-01',1),(3575,'13464828',380000,'0','2011-09-05',1),(3576,'13464828',380000,'0','2011-10-05',1),(3577,'13464828',380000,'0','2011-11-03',1),(3578,'13464828',380000,'0','2011-12-13',1),(3579,'13464828',380000,'0','2012-01-11',1),(3580,'13464828',380000,'0','2012-02-07',1),(3581,'13464828',380000,'0','2012-04-02',1),(3582,'13464828',380000,'0','2012-04-16',1),(3583,'13464828',450000,'0','2012-05-07',1),(3584,'13464828',380000,'0','2012-06-06',1),(3585,'13464828',380000,'0','2012-07-13',1),(3586,'13464828',380000,'0','2012-08-10',1),(3587,'13464828',380000,'0','2012-09-11',1),(3588,'13464828',380000,'0','2012-09-29',1),(3589,'96193052',118800,'0','2012-07-16',1),(3590,'96193052',441000,'0','2012-08-16',1),(3591,'96193052',441000,'0','2012-09-17',1),(3592,'96193052',450000,'0','2012-10-19',1),(3593,'17592907',240000,'0','2009-12-14',1),(3594,'17592907',335000,'0','2010-01-14',1),(3595,'17592907',335000,'0','2010-02-15',1),(3596,'17592907',335000,'0','2010-03-16',1),(3597,'17592907',670000,'0','2010-05-14',1),(3598,'17592907',700000,'0','2010-10-19',1),(3599,'17592907',700000,'0','2010-12-15',1),(3600,'17592907',700000,'0','2011-01-31',1),(3601,'17592907',1050000,'0','2011-03-02',1),(3602,'17592907',1200000,'0','2011-05-27',1),(3603,'17592907',350000,'0','2011-09-16',1),(3604,'17592907',1000000,'0','2011-11-01',1),(3605,'17592907',1200000,'0','2012-01-18',1),(3606,'17592907',500000,'0','2012-02-22',1),(3607,'17592907',400000,'0','2012-03-16',1),(3608,'17592907',1000000,'0','2012-04-11',1),(3609,'17592907',500000,'0','2012-06-01',1),(3610,'17592907',700000,'0','2012-07-11',1),(3611,'17592907',400000,'0','2012-08-30',1),(3612,'17592907',350000,'0','2012-10-17',1),(3613,'17586706',30214,'0','2012-04-16',1),(3614,'17586706',130000,'0','2012-05-16',1),(3615,'17586706',130000,'0','2012-06-20',1),(3616,'17586706',130000,'0','2012-07-18',1),(3617,'17586706',261000,'0','2012-09-18',1),(3618,'17586706',130000,'0','2012-10-17',1),(3619,'17587441',54000,'0','2012-08-02',1),(3620,'17587441',220000,'0','2012-09-01',1),(3621,'17587441',250000,'0','2012-10-02',1),(3622,'17587441',6000,'0','2012-10-02',1),(3623,'8786141',240000,'0','2010-02-24',1),(3624,'8786141',335000,'0','2010-03-25',1),(3625,'8786141',334000,'0','2010-04-21',1),(3626,'8786141',334000,'0','2010-05-21',1),(3627,'8786141',336000,'0','2010-07-07',1),(3628,'8786141',335000,'0','2010-07-22',1),(3629,'8786141',335000,'0','2010-08-26',1),(3630,'8786141',334000,'0','2010-09-15',1),(3631,'8786141',335000,'0','2010-10-20',1),(3632,'8786141',350000,'0','2010-11-25',1),(3633,'8786141',350000,'0','2010-12-30',1),(3634,'8786141',340000,'0','2011-01-31',1),(3635,'8786141',334000,'0','2011-02-16',1),(3636,'8786141',40000,'0','2011-02-18',1),(3637,'8786141',335000,'0','2011-04-18',1),(3638,'8786141',350000,'0','2011-05-23',1),(3639,'8786141',335000,'0','2011-07-30',1),(3640,'8786141',334000,'0','2011-08-16',1),(3641,'8786141',700000,'0','2011-09-16',1),(3642,'8786141',334000,'0','2011-10-15',1),(3643,'8786141',335000,'0','2011-12-02',1),(3644,'8786141',335000,'0','2012-01-10',1),(3645,'8786141',335000,'0','2012-02-01',1),(3646,'8786141',335000,'0','2012-02-20',1),(3647,'8786141',1072000,'0','2012-04-27',1),(3648,'8786141',334000,'0','2012-06-19',1),(3649,'8786141',335000,'0','2012-06-29',1),(3650,'8786141',334000,'0','2012-07-19',1),(3651,'8786141',334000,'0','2012-09-17',1),(3652,'8786141',334000,'0','2012-10-31',1),(3653,'8726919',128000,'0','2009-10-22',1),(3654,'8726919',93360,'0','2009-11-30',1),(3655,'8726919',93400,'0','2009-12-23',1),(3656,'8726919',93400,'0','2010-01-22',1),(3657,'8726919',230000,'0','2010-02-23',1),(3658,'8726919',128000,'0','2010-03-23',1),(3659,'8726919',102000,'0','2010-03-25',1),(3660,'8726919',230000,'0','2010-04-26',1),(3661,'8726919',229600,'0','2010-05-26',1),(3662,'8726919',228000,'0','2010-06-25',1),(3663,'8726919',228000,'0','2010-07-30',1),(3664,'8726919',229600,'0','2010-08-30',1),(3665,'8726919',228000,'0','2010-09-30',1),(3666,'8726919',271000,'0','2010-10-27',1),(3667,'8726919',460000,'0','2011-01-03',1),(3668,'8726919',230000,'0','2011-04-04',1),(3669,'8726919',115000,'0','2011-04-27',1),(3670,'8726919',115000,'0','2011-05-30',1),(3671,'8726919',115000,'0','2011-06-21',1),(3672,'8726919',300000,'0','2011-06-21',1),(3673,'8726919',115000,'0','2011-07-22',1),(3674,'8726919',300000,'0','2011-08-01',1),(3675,'8726919',115000,'0','2011-08-22',1),(3676,'8726919',115000,'0','2011-09-19',1),(3677,'8726919',129110,'0','2011-10-27',1),(3678,'8726919',115000,'0','2011-11-21',1),(3679,'8726919',200000,'0','2011-11-29',1),(3680,'8726919',400000,'0','2011-12-19',1),(3681,'8726919',115000,'0','2011-12-21',1),(3682,'8726919',115000,'0','2012-01-18',1),(3683,'8726919',250000,'0','2012-02-20',1),(3684,'8726919',115000,'0','2012-02-21',1),(3685,'8726919',115000,'0','2012-03-20',1),(3686,'8726919',150000,'0','2012-04-23',1),(3687,'8726919',115000,'0','2012-05-22',1),(3688,'8726919',115000,'0','2012-06-21',1),(3689,'8726919',700000,'0','2012-06-22',1),(3690,'8726919',115000,'0','2012-07-30',1),(3691,'8726919',115000,'0','2012-08-28',1),(3692,'8726919',490000,'0','2012-09-06',1),(3693,'8726919',300000,'0','2012-10-19',1),(3694,'17592978',240000,'0','2011-10-06',1),(3695,'17592978',335000,'0','2011-11-02',1),(3696,'17592978',335000,'0','2011-12-02',1),(3697,'17592978',334000,'0','2011-12-21',1),(3698,'17592978',335000,'0','2012-02-02',1),(3699,'17592978',340000,'0','2012-03-02',1),(3700,'17592978',350000,'0','2012-04-03',1),(3701,'17592978',350000,'0','2012-04-30',1),(3702,'17592978',350000,'0','2012-06-04',1),(3703,'17592978',340000,'0','2012-07-05',1),(3704,'17592978',350000,'0','2012-08-06',1),(3705,'17592978',350000,'0','2012-08-31',1),(3706,'17592978',360000,'0','2012-09-28',1),(3707,'17590732',59054,'0','2011-08-09',1),(3708,'17590732',295000,'0','2011-09-21',1),(3709,'17590732',300000,'0','2011-10-20',1),(3710,'17590732',300000,'0','2011-11-18',1),(3711,'17590732',300000,'0','2012-01-05',1),(3712,'17590732',300000,'0','2012-01-19',1),(3713,'17590732',300000,'0','2012-02-17',1),(3714,'17590732',300000,'0','2012-03-22',1),(3715,'17590732',300000,'0','2012-05-09',1),(3716,'17590732',300000,'0','2012-07-06',1),(3717,'17590732',800000,'0','2012-10-08',1),(3718,'1037246',208000,'0','2009-11-24',1),(3719,'1037246',290000,'0','2009-12-24',1),(3720,'1037246',290000,'0','2010-01-25',1),(3721,'1037246',289178,'0','2010-02-26',1),(3722,'1037246',290000,'0','2010-03-26',1),(3723,'1037246',290000,'0','2010-04-27',1),(3724,'1037246',290000,'0','2010-05-26',1),(3725,'1037246',581000,'0','2010-08-02',1),(3726,'1037246',584500,'0','2010-10-06',1),(3727,'1037246',500000,'0','2011-01-11',1),(3728,'1037246',300000,'0','2011-02-28',1),(3729,'1037246',500000,'0','2011-03-31',1),(3730,'1037246',400000,'0','2011-04-19',1),(3731,'1037246',500000,'0','2011-07-08',1),(3732,'1037246',500000,'0','2011-07-28',1),(3733,'1037246',500000,'0','2011-10-14',1),(3734,'1037246',500000,'0','2011-12-05',1),(3735,'1037246',500000,'0','2012-02-02',1),(3736,'1037246',500000,'0','2012-03-17',1),(3737,'1037246',500000,'0','2012-05-04',1),(3738,'1037246',200000,'0','2012-05-22',1),(3739,'1037246',500000,'0','2012-07-16',1),(3740,'1037246',500000,'0','2012-09-03',1),(3741,'1037246',300000,'0','2012-10-31',1),(3742,'24243831',240000,'0','2010-06-03',1),(3743,'24243831',335000,'0','2010-07-06',1),(3744,'24243831',333000,'0','2010-08-05',1),(3745,'24243831',333000,'0','2010-09-08',1),(3746,'24243831',335000,'0','2010-10-05',1),(3747,'24243831',335000,'0','2010-11-09',1),(3748,'24243831',335000,'0','2010-12-10',1),(3749,'24243831',600000,'0','2011-01-20',1),(3750,'24243831',350000,'0','2011-02-04',1),(3751,'24243831',350000,'0','2011-03-16',1),(3752,'24243831',335000,'0','2011-04-04',1),(3753,'24243831',22200,'0','2011-05-20',1),(3754,'24243831',335000,'0','2011-05-24',1),(3755,'24243831',335000,'0','2011-06-13',1),(3756,'24243831',100000,'0','2011-06-23',1),(3757,'24243831',100000,'0','2011-07-22',1),(3758,'24243831',335000,'0','2011-07-22',1),(3759,'24243831',335000,'0','2011-08-03',1),(3760,'24243831',100000,'0','2011-08-25',1),(3761,'24243831',335000,'0','2011-09-02',1),(3762,'24243831',350000,'0','2011-09-30',1),(3763,'24243831',85000,'0','2011-09-30',1),(3764,'24243831',345250,'0','2011-11-02',1),(3765,'24243831',89750,'0','2011-11-02',1),(3766,'24243831',334150,'0','2011-12-06',1),(3767,'24243831',65850,'0','2011-12-06',1),(3768,'24243831',333800,'0','2012-01-04',1),(3769,'24243831',66200,'0','2012-01-04',1),(3770,'24243831',150000,'0','2012-02-07',1),(3771,'24243831',350000,'0','2012-02-07',1),(3772,'24243831',350000,'0','2012-03-08',1),(3773,'24243831',150000,'0','2012-03-08',1),(3774,'24243831',350000,'0','2012-04-04',1),(3775,'24243831',100000,'0','2012-04-04',1),(3776,'24243831',290000,'0','2012-05-04',1),(3777,'24243831',110000,'0','2012-05-04',1),(3778,'24243831',400000,'0','2012-06-13',1),(3779,'24243831',100000,'0','2012-06-13',1),(3780,'24243831',326000,'0','2012-07-09',1),(3781,'24243831',174000,'0','2012-07-09',1),(3782,'24243831',42000,'0','2012-08-03',1),(3783,'24243831',334000,'0','2012-08-08',1),(3784,'24243831',166000,'0','2012-08-08',1),(3785,'24243831',335000,'0','2012-09-06',1),(3786,'24243831',105000,'0','2012-09-06',1),(3787,'24243831',160000,'0','2012-09-06',1),(3788,'24243831',334000,'0','2012-10-08',1),(3789,'24243831',113000,'0','2012-10-08',1),(3790,'24243831',153000,'0','2012-10-08',1),(3791,'96165761',128000,'0','2009-10-22',1),(3792,'96165761',93400,'0','2009-11-23',1),(3793,'96165761',93400,'0','2009-12-22',1),(3794,'96165761',93400,'0','2010-01-22',1),(3795,'96165761',230000,'0','2010-02-25',1),(3796,'96165761',230000,'0','2010-03-26',1),(3797,'96165761',230000,'0','2010-04-27',1),(3798,'96165761',230000,'0','2010-05-25',1),(3799,'96165761',230000,'0','2010-06-22',1),(3800,'96165761',230000,'0','2010-07-22',1),(3801,'96165761',230000,'0','2010-08-31',1),(3802,'96165761',230000,'0','2010-09-29',1),(3803,'96165761',260000,'0','2010-11-02',1),(3804,'96165761',230000,'0','2010-11-24',1),(3805,'96165761',242000,'0','2010-12-24',1),(3806,'96165761',230000,'0','2011-01-31',1),(3807,'96165761',231000,'0','2011-03-01',1),(3808,'96165761',232000,'0','2011-03-31',1),(3809,'96165761',231000,'0','2011-05-02',1),(3810,'96165761',230000,'0','2011-05-31',1),(3811,'96165761',231000,'0','2011-06-30',1),(3812,'96165761',230000,'0','2011-07-23',1),(3813,'96165761',232000,'0','2011-09-07',1),(3814,'96165761',232000,'0','2011-10-04',1),(3815,'96165761',231000,'0','2011-10-26',1),(3816,'96165761',258000,'0','2011-11-25',1),(3817,'96165761',230000,'0','2011-12-21',1),(3818,'96165761',230000,'0','2012-01-30',1),(3819,'96165761',230000,'0','2012-02-23',1),(3820,'96165761',232000,'0','2012-04-02',1),(3821,'96165761',230000,'0','2012-04-24',1),(3822,'96165761',235000,'0','2012-06-01',1),(3823,'96165761',235000,'0','2012-07-04',1),(3824,'96165761',230000,'0','2012-07-19',1),(3825,'96165761',232000,'0','2012-08-30',1),(3826,'96165761',232000,'0','2012-10-05',1),(3827,'17586254',240000,'0','2009-11-24',1),(3828,'17586254',334000,'0','2009-12-16',1),(3829,'17586254',333700,'0','2010-01-22',1),(3830,'17586254',340000,'0','2010-02-24',1),(3831,'17586254',340000,'0','2010-03-16',1),(3832,'17586254',350000,'0','2010-04-29',1),(3833,'17586254',340000,'0','2010-05-18',1),(3834,'17586254',340000,'0','2010-06-17',1),(3835,'17586254',340000,'0','2010-07-16',1),(3836,'17586254',330000,'0','2010-08-17',1),(3837,'17586254',330000,'0','2010-09-17',1),(3838,'17586254',340000,'0','2010-10-19',1),(3839,'17586254',340000,'0','2010-11-16',1),(3840,'17586254',420000,'0','2010-12-29',1),(3841,'17586254',330000,'0','2011-01-20',1),(3842,'17586254',330000,'0','2011-02-16',1),(3843,'17586254',340000,'0','2011-03-16',1),(3844,'17586254',340000,'0','2011-04-15',1),(3845,'17586254',340000,'0','2011-05-16',1),(3846,'17586254',340000,'0','2011-06-16',1),(3847,'17586254',340000,'0','2011-07-18',1),(3848,'17586254',340000,'0','2011-08-13',1),(3849,'17586254',340000,'0','2011-09-19',1),(3850,'17586254',340000,'0','2011-10-18',1),(3851,'17586254',340000,'0','2011-11-16',1),(3852,'17586254',400000,'0','2011-12-16',1),(3853,'17586254',340000,'0','2012-01-16',1),(3854,'17586254',30000,'0','2012-01-25',1),(3855,'17586254',335000,'0','2012-02-17',1),(3856,'17586254',115000,'0','2012-02-17',1),(3857,'17586254',335000,'0','2012-03-26',1),(3858,'17586254',115000,'0','2012-03-26',1),(3859,'17586254',340000,'0','2012-04-13',1),(3860,'17586254',110000,'0','2012-04-13',1),(3861,'17586254',375000,'0','2012-06-16',1),(3862,'17586254',125000,'0','2012-06-16',1),(3863,'17586254',400000,'0','2012-07-14',1),(3864,'17586254',100000,'0','2012-07-14',1),(3865,'17586254',389000,'0','2012-08-16',1),(3866,'17586254',111000,'0','2012-08-16',1),(3867,'17586254',276000,'0','2012-09-24',1),(3868,'17586254',224000,'0','2012-09-24',1),(3869,'17586254',388700,'0','2012-10-22',1),(3870,'17586254',111300,'0','2012-10-22',1),(3871,'13491836',160000,'0','2009-10-27',1),(3872,'13491836',117000,'0','2009-11-27',1),(3873,'13491836',117000,'0','2009-12-28',1),(3874,'13491836',117000,'0','2010-01-30',1),(3875,'13491836',286921,'0','2010-02-27',1),(3876,'13491836',286921,'0','2010-03-29',1),(3877,'13491836',286921,'0','2010-04-26',1),(3878,'13491836',286921,'0','2010-05-27',1),(3879,'13491836',286921,'0','2010-06-25',1),(3880,'13491836',286921,'0','2010-07-26',1),(3881,'13491836',286921,'0','2010-08-27',1),(3882,'13491836',286921,'0','2010-09-30',1),(3883,'13491836',339000,'0','2010-10-27',1),(3884,'13491836',287000,'0','2010-11-25',1),(3885,'13491836',287000,'0','2010-12-23',1),(3886,'13491836',287000,'0','2011-01-25',1),(3887,'13491836',287000,'0','2011-02-22',1),(3888,'13491836',287000,'0','2011-03-28',1),(3889,'13491836',287000,'0','2011-04-26',1),(3890,'13491836',287000,'0','2011-05-25',1),(3891,'13491836',287000,'0','2011-06-25',1),(3892,'13491836',287000,'0','2011-07-27',1),(3893,'13491836',287000,'0','2011-08-29',1),(3894,'13491836',287000,'0','2011-09-26',1),(3895,'13491836',323000,'0','2011-10-28',1),(3896,'13491836',287000,'0','2011-11-25',1),(3897,'13491836',287000,'0','2011-12-27',1),(3898,'13491836',287000,'0','2012-01-25',1),(3899,'13491836',287000,'0','2012-02-24',1),(3900,'13491836',300000,'0','2012-03-26',1),(3901,'13491836',287000,'0','2012-04-23',1),(3902,'13491836',288000,'0','2012-05-28',1),(3903,'13491836',290000,'0','2012-06-26',1),(3904,'13491836',290000,'0','2012-07-25',1),(3905,'13491836',290000,'0','2012-08-27',1),(3906,'13491836',290000,'0','2012-09-26',1),(3907,'13491836',310000,'0','2012-10-29',1),(3908,'49752476',407463,'0','2008-08-20',1),(3909,'49752476',407950,'0','2008-09-30',1),(3910,'49752476',261920,'0','2008-10-22',1),(3911,'49752476',260650,'0','2008-11-27',1),(3912,'49752476',523129,'0','2009-02-13',1),(3913,'49752476',260650,'0','2009-02-25',1),(3914,'49752476',263519,'0','2009-03-20',1),(3915,'49752476',260202,'0','2009-04-28',1),(3916,'49752476',260000,'0','2009-09-09',1),(3917,'49752476',500000,'0','2009-11-04',1),(3918,'49752476',62587,'62587','2009-11-06',1),(3919,'49752476',500000,'0','2009-11-20',1),(3920,'49752476',700000,'0','2009-12-15',1),(3921,'49752476',200000,'0','2010-01-05',1),(3922,'49752476',200000,'0','2010-02-08',1),(3923,'49752476',150000,'0','2010-02-19',1),(3924,'49752476',200000,'0','2010-03-24',1),(3925,'49752476',200000,'0','2010-04-05',1),(3926,'49752476',270000,'0','2010-05-05',1),(3927,'49752476',260000,'0','2010-06-25',1),(3928,'49752476',600000,'39235','2010-09-16',1),(3929,'49752476',260000,'0','2010-12-10',1),(3930,'49752476',300000,'0','2010-12-27',1),(3931,'49752476',300000,'0','2011-01-18',1),(3932,'49752476',600000,'0','2011-02-17',1),(3933,'49752476',400000,'0','2011-03-18',1),(3934,'49752476',200000,'0','2011-04-18',1),(3935,'49752476',200000,'0','2011-05-04',1),(3936,'49752476',200000,'0','2011-05-24',1),(3937,'49752476',200000,'0','2011-06-21',1),(3938,'49752476',200000,'0','2011-07-01',1),(3939,'49752476',300000,'0','2011-07-22',1),(3940,'49752476',150000,'0','2011-08-16',1),(3941,'49752476',250000,'0','2011-09-16',1),(3942,'49752476',200000,'24229','2011-10-18',1),(3943,'49752476',200000,'0','2011-11-02',1),(3944,'49752476',200000,'0','2011-12-02',1),(3945,'49752476',300000,'0','2012-01-02',1),(3946,'49752476',250000,'0','2012-02-01',1),(3947,'49752476',250000,'0','2012-03-20',1),(3948,'49752476',250000,'0','2012-04-19',1),(3949,'49752476',300000,'0','2012-05-18',1),(3950,'49752476',250000,'0','2012-06-20',1),(3951,'49752476',250000,'0','2012-07-16',1),(3952,'49752476',300000,'0','2012-07-30',1),(3953,'49752476',270000,'0','2012-09-04',1),(3954,'49752476',200000,'0','2012-10-03',1),(3955,'17587235',160000,'0','2009-09-09',1),(3956,'17587235',224000,'0','2009-10-19',1),(3957,'17587235',224000,'0','2009-11-17',1),(3958,'17587235',225000,'0','2009-12-17',1),(3959,'17587235',224000,'0','2010-01-18',1),(3960,'17587235',222000,'0','2010-02-19',1),(3961,'17587235',48000,'0','2010-02-19',1),(3962,'17587235',222500,'0','2010-04-09',1),(3963,'17587235',67500,'0','2010-04-09',1),(3964,'17587235',222000,'0','2010-04-23',1),(3965,'17587235',67000,'0','2010-04-23',1),(3966,'17587235',300000,'0','2010-06-16',1),(3967,'17587235',108000,'0','2010-07-06',1),(3968,'17587235',97000,'0','2010-07-06',1),(3969,'17587235',492000,'0','2010-08-28',1),(3970,'17587235',108000,'0','2010-08-28',1),(3971,'17587235',238900,'0','2010-10-15',1),(3972,'17587235',96100,'0','2010-10-15',1),(3973,'17587235',210000,'0','2010-11-17',1),(3974,'17587235',90000,'0','2010-11-17',1),(3975,'17587235',310000,'0','2010-12-15',1),(3976,'17587235',146000,'0','2011-01-17',1),(3977,'17587235',154000,'0','2011-01-17',1),(3978,'17587235',300000,'0','2011-02-17',1),(3979,'17587235',200000,'0','2011-03-15',1),(3980,'17587235',100000,'0','2011-03-15',1),(3981,'17587235',240000,'0','2011-04-18',1),(3982,'17587235',80000,'0','2011-04-18',1),(3983,'17587235',292400,'0','2011-05-19',1),(3984,'17587235',107600,'0','2011-05-19',1),(3985,'17587235',281000,'0','2011-06-17',1),(3986,'17587235',69000,'0','2011-06-17',1),(3987,'17587235',316550,'0','2011-07-18',1),(3988,'17587235',83450,'0','2011-07-18',1),(3989,'17587235',223500,'0','2011-08-19',1),(3990,'17587235',118500,'0','2011-08-19',1),(3991,'17587235',263750,'0','2011-09-19',1),(3992,'17587235',66250,'0','2011-09-19',1),(3993,'17587235',230000,'0','2011-10-18',1),(3994,'17587235',70000,'0','2011-10-18',1),(3995,'17587235',230000,'0','2011-11-21',1),(3996,'17587235',70000,'0','2011-11-21',1),(3997,'17587235',220000,'0','2011-12-20',1),(3998,'17587235',80000,'0','2011-12-20',1),(3999,'17587235',230000,'0','2012-01-19',1),(4000,'17587235',70000,'0','2012-01-19',1),(4001,'17587235',210000,'0','2012-02-20',1),(4002,'17587235',60000,'0','2012-02-20',1),(4003,'17587235',230000,'0','2012-03-20',1),(4004,'17587235',70000,'0','2012-03-20',1),(4005,'17587235',230000,'0','2012-04-20',1),(4006,'17587235',70000,'0','2012-04-20',1),(4007,'17587235',220000,'0','2012-05-22',1),(4008,'17587235',80000,'0','2012-05-22',1),(4009,'17587235',220000,'0','2012-06-20',1),(4010,'17587235',80000,'0','2012-06-20',1),(4011,'17587235',72000,'0','2012-07-17',1),(4012,'17587235',220000,'0','2012-07-23',1),(4013,'17587235',80000,'0','2012-07-23',1),(4014,'17587235',220000,'0','2012-08-21',1),(4015,'17587235',20000,'0','2012-08-22',1),(4016,'17587235',120000,'0','2012-08-22',1),(4017,'17587235',252000,'0','2012-09-20',1),(4018,'17587235',68000,'0','2012-09-20',1),(4019,'17587235',120000,'0','2012-09-20',1),(4020,'17587235',222000,'0','2012-10-22',1),(4021,'17587235',68000,'0','2012-10-22',1),(4022,'17587235',120000,'0','2012-10-22',1),(4023,'86039354',144000,'0','2011-07-07',1),(4024,'86039354',105500,'0','2011-08-12',1),(4025,'86039354',105500,'0','2011-09-28',1),(4026,'86039354',105500,'0','2011-11-03',1),(4027,'86039354',500000,'0','2012-04-16',1),(4028,'17587374',35934,'0','2012-01-27',1),(4029,'17587374',169000,'0','2012-03-05',1),(4030,'17587374',170000,'0','2012-04-10',1),(4031,'17587374',167000,'0','2012-05-07',1),(4032,'17587374',170000,'0','2012-06-06',1),(4033,'17587374',168000,'0','2012-07-05',1),(4034,'17587374',170000,'0','2012-08-06',1),(4035,'17587374',165000,'0','2012-09-06',1),(4036,'17587374',170000,'0','2012-10-09',1),(4037,'17590913',128000,'0','2010-05-11',1),(4038,'17590913',93360,'0','2010-06-11',1),(4039,'17590913',94000,'0','2010-07-15',1),(4040,'17590913',93360,'0','2010-08-10',1),(4041,'17590913',230000,'0','2010-09-13',1),(4042,'17590913',230000,'0','2010-10-20',1),(4043,'17590913',230000,'0','2010-11-19',1),(4044,'17590913',230000,'0','2010-12-17',1),(4045,'17590913',230000,'0','2011-01-18',1),(4046,'17590913',230000,'0','2011-02-18',1),(4047,'17590913',230000,'0','2011-03-17',1),(4048,'17590913',230000,'0','2011-04-19',1),(4049,'17590913',230000,'0','2011-05-18',1),(4050,'17590913',240000,'0','2011-06-17',1),(4051,'17590913',275000,'0','2011-07-19',1),(4052,'17590913',240000,'0','2011-08-20',1),(4053,'17590913',240000,'0','2011-09-21',1),(4054,'17590913',240000,'0','2011-10-18',1),(4055,'17590913',240000,'0','2011-11-16',1),(4056,'17590913',240000,'0','2011-12-16',1),(4057,'17590913',240000,'0','2012-01-18',1),(4058,'17590913',270000,'0','2012-02-22',1),(4059,'17590913',250000,'0','2012-03-16',1),(4060,'17590913',230000,'0','2012-04-20',1),(4061,'17590913',230000,'0','2012-05-19',1),(4062,'17590913',240000,'0','2012-06-21',1),(4063,'17590913',230000,'0','2012-07-31',1),(4064,'17590913',270000,'0','2012-08-22',1),(4065,'17590913',230000,'0','2012-10-09',1),(4066,'3225735',160000,'0','2009-10-22',1),(4067,'3225735',117000,'0','2009-11-25',1),(4068,'3225735',117000,'0','2009-12-22',1),(4069,'3225735',117000,'0','2010-01-22',1),(4070,'3225735',287000,'0','2010-02-22',1),(4071,'3225735',287000,'0','2010-03-23',1),(4072,'3225735',287000,'0','2010-04-22',1),(4073,'3225735',287000,'0','2010-05-24',1),(4074,'3225735',287000,'0','2010-06-23',1),(4075,'3225735',287000,'0','2010-07-23',1),(4076,'3225735',287000,'0','2010-08-23',1),(4077,'3225735',287000,'0','2010-09-23',1),(4078,'3225735',287000,'0','2010-10-22',1),(4079,'3225735',287000,'0','2010-11-23',1),(4080,'3225735',287000,'0','2010-12-20',1),(4081,'3225735',287000,'0','2011-01-24',1),(4082,'3225735',54700,'0','2011-01-25',1),(4083,'3225735',287000,'0','2011-02-22',1),(4084,'3225735',287000,'0','2011-03-22',1),(4085,'3225735',287000,'0','2011-04-25',1),(4086,'3225735',287000,'0','2011-05-23',1),(4087,'3225735',287000,'0','2011-06-20',1),(4088,'3225735',287000,'0','2011-07-22',1),(4089,'3225735',287000,'0','2011-08-23',1),(4090,'3225735',287000,'0','2011-09-23',1),(4091,'3225735',287000,'0','2011-10-24',1),(4092,'3225735',327000,'0','2011-11-23',1),(4093,'3225735',287000,'0','2011-12-26',1),(4094,'3225735',287000,'0','2012-01-25',1),(4095,'3225735',287000,'0','2012-02-27',1),(4096,'3225735',287000,'0','2012-03-27',1),(4097,'3225735',290000,'0','2012-04-21',1),(4098,'3225735',290000,'0','2012-05-23',1),(4099,'3225735',287000,'0','2012-06-23',1),(4100,'3225735',290000,'0','2012-07-23',1),(4101,'3225735',290000,'0','2012-08-23',1),(4102,'3225735',300000,'0','2012-09-24',1),(4103,'3225735',290000,'0','2012-10-22',1),(4104,'76232701',128000,'0','2009-10-22',1),(4105,'76232701',100000,'0','2009-11-23',1),(4106,'76232701',100000,'0','2009-12-22',1),(4107,'76232701',100000,'0','2010-01-19',1),(4108,'76232701',230000,'0','2010-02-15',1),(4109,'76232701',230000,'0','2010-03-23',1),(4110,'76232701',230000,'0','2010-04-20',1),(4111,'76232701',230000,'0','2010-05-24',1),(4112,'76232701',230000,'0','2010-06-22',1),(4113,'76232701',230000,'0','2010-07-22',1),(4114,'76232701',230000,'0','2010-08-23',1),(4115,'76232701',230000,'0','2010-09-20',1),(4116,'76232701',270000,'0','2010-10-26',1),(4117,'76232701',230000,'0','2010-11-18',1),(4118,'76232701',230000,'0','2010-12-20',1),(4119,'76232701',230000,'0','2011-01-19',1),(4120,'76232701',230000,'0','2011-02-18',1),(4121,'76232701',230000,'0','2011-03-29',1),(4122,'76232701',230000,'0','2011-04-27',1),(4123,'76232701',232000,'0','2011-05-30',1),(4124,'76232701',230000,'0','2011-06-21',1),(4125,'76232701',230000,'0','2011-07-22',1),(4126,'76232701',230000,'0','2011-08-22',1),(4127,'76232701',230000,'0','2011-09-19',1),(4128,'76232701',258221,'0','2011-10-19',1),(4129,'76232701',231000,'0','2011-11-21',1),(4130,'76232701',230000,'0','2011-12-21',1),(4131,'76232701',230000,'0','2012-01-18',1),(4132,'76232701',230000,'0','2012-02-21',1),(4133,'76232701',230000,'0','2012-03-20',1),(4134,'76232701',230000,'0','2012-04-23',1),(4135,'76232701',230000,'0','2012-05-22',1),(4136,'76232701',230000,'0','2012-06-21',1),(4137,'76232701',230000,'0','2012-07-30',1),(4138,'76232701',232000,'0','2012-08-28',1),(4139,'76232701',230000,'0','2012-09-21',1),(4140,'76232701',247000,'0','2012-10-23',1),(4141,'17580698',288000,'0','2010-07-30',1),(4142,'17580698',401000,'0','2010-08-30',1),(4143,'17580698',401000,'0','2010-09-16',1),(4144,'17580698',401000,'0','2010-10-19',1),(4145,'17580698',401000,'0','2010-11-17',1),(4146,'17580698',401000,'0','2010-12-22',1),(4147,'17580698',402000,'0','2011-01-20',1),(4148,'17580698',401000,'0','2011-02-21',1),(4149,'17580698',402000,'0','2011-03-22',1),(4150,'17580698',8876,'0','2011-04-22',3),(4151,'17580698',401000,'0','2011-04-23',1),(4152,'17580698',401000,'0','2011-05-17',1),(4153,'17580698',401000,'0','2011-06-21',1),(4154,'17580698',401000,'0','2011-07-19',1),(4155,'17580698',401000,'0','2011-08-23',1),(4156,'17580698',401000,'0','2011-09-20',1),(4157,'17580698',100000,'0','2011-10-06',1),(4158,'17580698',401000,'0','2011-10-19',1),(4159,'17580698',401000,'0','2011-11-19',1),(4160,'17580698',401000,'0','2011-12-22',1),(4161,'17580698',401000,'0','2012-01-13',1),(4162,'17580698',401000,'0','2012-02-24',1),(4163,'17580698',401000,'0','2012-03-21',1),(4164,'17580698',402000,'0','2012-04-20',1),(4165,'17580698',405000,'0','2012-05-25',1),(4166,'17580698',401000,'0','2012-06-19',1),(4167,'17580698',401000,'0','2012-07-19',1),(4168,'17580698',480000,'0','2012-08-08',1),(4169,'17580698',401000,'0','2012-09-20',1),(4170,'17580698',402000,'0','2012-10-22',1);
/*!40000 ALTER TABLE `pagos` ENABLE KEYS */;
UNLOCK TABLES;

--
-- Table structure for table `usuarios`
--

DROP TABLE IF EXISTS `usuarios`;
/*!40101 SET @saved_cs_client     = @@character_set_client */;
/*!40101 SET character_set_client = utf8 */;
CREATE TABLE `usuarios` (
  `id` varchar(20) NOT NULL,
  `nombre` varchar(255) NOT NULL,
  `clave` varchar(50) NOT NULL DEFAULT 'araucos123',
  PRIMARY KEY (`id`)
) ENGINE=MyISAM DEFAULT CHARSET=latin1;
/*!40101 SET character_set_client = @saved_cs_client */;

--
-- Dumping data for table `usuarios`
--

LOCK TABLES `usuarios` WRITE;
/*!40000 ALTER TABLE `usuarios` DISABLE KEYS */;
INSERT INTO `usuarios` (`id`, `nombre`, `clave`) VALUES ('17584878','ABRIL OMAR','17584878'),('17589588','AGUIRRE JOHN','17589588'),('17547145','AGUIRRE RUBELIO','17547145'),('17595103','ALFONSO TIRSO','17595103'),('91420826','ALVARADO JUAN','91420826'),('3974211','ALVAREZ MANUEL','3974211'),('85433786','AMARIS CARLOS','85433786'),('17582721','ANDRADE JOSE','17582721'),('17584665','ANDRADE LUIS','17584665'),('17591719','ANGULO FREDY','17591719'),('5492744','APARICIO EDGAR','5492744'),('19425855','ARDILA LUIS','19425855'),('17588473','ARENAS JOSE','17588473'),('17592788','AREVALO NELSON','17592788'),('91320664','ARIAS PARMENIDES','91320664'),('91426521','ARIAS LUIS','91426521'),('17590353','ARROYO JOHN','17590353'),('17589338','BARAJAS JOSE','17589338'),('17526688','BARAJAS EVANGELISTA','17526688'),('5626147','BAYONA CARLOS','5626147'),('17589362','BEGAMBRE LUIS','17589362'),('91228332','BENITEZ GABRIEL','91228332'),('17591517','BLANCO SANDRO','17591517'),('17591680','BOLIVAR WUILMER','17591680'),('17590395','BOTERO EDGAR','17590395'),('79366180','BUITRAGO HEBER','79366180'),('91262466','BUITRAGO EUSEBIO','91262466'),('17584150','BURGOS JOSE','17584150'),('1116775123','CADENA JAVIER','1116775123'),('17592087','CAMACHO DIEGO','8853589'),('70121364','CARDONA HECTOR','70121364'),('17589080','CARREO JAIME','17589080'),('91274512','CASTAEDA OSCAR','91274512'),('17586079','CASTILLO GUSTAVO','17586079'),('17583941','CASTILLO FABIO','17583941'),('13882304','CHACON REINALDO','13882304'),('17584091','COLINA JESUS','17584091'),('17546231','CONDE JAIRO','17546231'),('17587036','CORONADO JORGE','17587036'),('5727066','CORREA SILVINO','5727066'),('79275963','CORTES ARIEL','79275963'),('88173684','COTAMO HELIBERTO','88173684'),('88173042','COTAMO PABLO','88173042'),('17582774','CRISTIANO JOSE','17582774'),('17333463','CRUZ LUIS','17333463'),('7361647','CUBILLOS CAMPO','7361647'),('17588887','CUBILLOS JOSE','17588887'),('68292154','CUETO GEORGINA','68292154'),('7952239','DE LA ROSA PEDRO','7952239'),('23741677','DIAZ ROSA','23741677'),('18969337','DIAZ MANUEL','18969337'),('17587298','DIAZ DUMAR','17587298'),('91001390','DIOSA FABIAN','91001390'),('1116774514','DUEEZ YOBANI','1116774514'),('37240637','ESCOBAR GLADYS','37240637'),('13642692','FERREIRA CARLOS','13642692'),('8631073','GALBAN RIGOBERTO','8631073'),('60331318','GALVIS EMILCE','60331318'),('17585059','GARCIA ALDO','17585059'),('17584112','GARCIA DERVIS','17584112'),('96166793','GENEY FRANKY','96166793'),('17587541','GOMEZ ALCIDES','17587541'),('17591427','GOMEZ JOSE','17591427'),('9521850','GOMEZ CLARETH','9521850'),('3273457','GONZALEZ JUAN','3273457'),('19362035','GONZALEZ LUIS','19362035'),('17585446','GRIMALDO LUIS','17585446'),('91215525','GUARIN JORGE','91215525'),('6432299','GUTIERREZ LUIS','6432299'),('17587337','GUTIERREZ LIBARDO','17587337'),('91461508','HERNANDEZ JOSE','91461508'),('94226864','HERNANDEZ DIEGO','94226864'),('12968434','HURTADO HENRY','12968434'),('91000572','JAIMES ELEUTERIO','91000572'),('17584490','JIMENEZ JOSE','17584490'),('96188338','JIMENEZ ALVARO','96188338'),('16766563','JIMENEZ ALVARO','16766563'),('18966904','JULIO WILSON','18966904'),('5795516','KABARIQUE MANUEL','5795516'),('13387682','LAZARO JESUS','13387682'),('13477126','LEON HENRY','13477126'),('17580998','LINARES MIGUEL','17580998'),('10540857','LINARES RAFAEL','10540857'),('17595696','LOBO EDINSON','17595696'),('77154736','LOPEZ MARIO','77154736'),('91014513','LUENGAS MIGUEL','91014513'),('5524817','LUNA DOMINGO','5524817'),('17595266','MARQUEZ LISANDRO','17595266'),('68293494','MARTINEZ AMPARO','68293494'),('17587319','MARTINEZ JUAN','17587319'),('17312612','MARTINEZ SAMUEL','17312612'),('94320628','MARULANDA WALTER','94320628'),('91010578','MELO PEDRO','91010578'),('68289833','MELO CLAUDIA','68289833'),('5888261','MENDEZ JOSE','5888261'),('17585812','MENDIVELSO SALOMON','17585812'),('16476324','MINA DOMINGO','16476324'),('17588960','MONCADA WILSON','17588960'),('24245079','MORALES FRANCA','24245079'),('17583777','MUJICA JOSE','17583777'),('17587604','NUEZ LUIS','17587604'),('5013591','OLAYA MARIO','5013591'),('10528830','ORDOEZ ARMANDO','10528830'),('17587251','ORJUELA LUIS','17587251'),('11374881','ORTEGA ANTONIO','11374881'),('17584556','OSSA FERNANDO','17584556'),('49552712','PACHECO MARITZA','49552712'),('17581150','PAIPA LUIS','17581150'),('13724438','PAREDES JUAN','13724438'),('13701437','PARRA ISRAEL','13701437'),('91464090','PARRA CESAR','91464090'),('17595028','PATIO ROBINSON','17595028'),('91426343','PEDRAZA EDINSON','91426343'),('91426432','PEDRAZA JOSE','91426432'),('96191413','PEDRAZA LUIS','96191413'),('17584827','PERALES ANDRES','17584827'),('17595963','PEREZ JESUS','17595963'),('17591335','PEREZ ALVARO','17591335'),('68291798','PICO EMILSE','68291798'),('17590875','PUERTA JULIO','17590875'),('17589294','RAMIREZ WILSON','17589294'),('19292709','RAMIREZ HERMES','19292709'),('18917822','RAMIREZ LUIS','18917822'),('17592395','RAMIREZ HENRY','17592395'),('17585988','RAMIREZ CARLOS','17585988'),('96188994','RIAO JOSE','96188994'),('13886045','RIOS GERMAN','13886045'),('17592195','RIOS NORBEY','17592195'),('19111345','RIVERA GRACILIANO','19111345'),('13459975','RIVERO JUAN','13459975'),('91001095','RIZO HERNANDO','91001095'),('36500960','RIZZO TRIFINA','36500960'),('77100215','RODRIGUEZ EDINSO','77100215'),('88000912','RODRIGUEZ HERNAN','88000912'),('17588761','RODRIGUEZ PABLO','17588761'),('91345830','ROJAS FELIX','91345830'),('17595182','RONDEROS WILLIAM','17595182'),('17596436','ROYERO LUIS','17596436'),('91526940','SALAMANCA ARTURO','91526940'),('13474030','SANDOVAL FREDY','13474030'),('17548406','SARMIENTO FERMIN','17548406'),('13464828','SEPULVEDA JOSE','13464828'),('17592907','SEQUERA JOSE','17592907'),('17586706','SIERRA ESEQUIEL','17586706'),('8786141','SIERRA ALEJANDRO','8786141'),('8726919','SIERRA GUILLERMO','8726919'),('17590732','SOGAMOSO PEDRO','17590732'),('1037246','SUESCUN VICTOR','1037246'),('24243831','TARACHE NANCY','24243831'),('96165761','TAVERA VICTOR','96165761'),('17586254','TINEO ERMY','17586254'),('13491836','TORRES HERNANDO','13491836'),('49752476','TURIZO MILEIDA','49752476'),('17587235','UNDA JOSE','17587235'),('86039354','USCATEGUI OSMEL','86039354'),('17587374','VANEGAS ABIEL','17587374'),('14221844','VARGAS FRANCISCO','14221844'),('17590913','VERGARA JOSE','17590913'),('3225735','VILLALBA RAMIRO','3225735'),('96121860','VILLEGAS JOSE','96121860'),('76232701','VILLEGAS NATANAEL','76232701'),('17580698','VIVAS RAMON','17580698'),('17583392','ANDRADE JOSE','17583392'),('17593334','BEGAMBRE BERARDO','17593334'),('17580886','BENITEZ DUMAR','17580886'),('68285253','CUELLAR LUZ','68285253'),('17588292','DIAZ MANUEL','17588292'),('10556050','DIAZ VICTOR','10556050'),('17545897','FLOREZ PEDRO','17545897'),('13444454','GAMBOA LUIS','13444454'),('24242579','GUEDES MARIA','24242579'),('17594753','HOLGUIN NESTOR','17594753'),('18965970','LOPEZ SIGILFREDO','18965970'),('16504791','MANYOMA ILDEFONSO','16504791'),('17589925','NUEZ JOSE','17589925'),('17592312','OLIVOS DILFREY','17592312'),('17591098','ORTEGA JOSE','17591098'),('17586603','PUERTA OMAR','17586603'),('4831981','SALDARRIAGA MARTIN','4831981'),('17587314','SASTRE RAFAEL','17587314'),('17592978','SILVA RODRIGO','17592978'),('17596694','CANTOR EDWIN','17596694'),('88159950','MARTINEZ OSCAR','88159950'),('17584061','GALINDO JORGE','17584061'),('17588625','ROMERO JESUS','17588625'),('17593533','DURAN DAIRO','17593533'),('91153508','JAIMES MARCO','91153508'),('8827180','JULIAO GUILLERMO','8827180'),('17584337','MOGOLLON JAIRO','17584337'),('96193052','SEPULVEDA RONEY','96193052'),('13476280','CASTAO ORLANDO','13476280'),('91436193','COLON WILSON','91436193'),('16547593','LARRAHONDO JOSE','16547593'),('94327269','PEREA JULIAN','94327269'),('17582097','QUIMBAYO LUIS','17582097'),('17587441','SIERRA SERAFIN','17587441');
/*!40000 ALTER TABLE `usuarios` ENABLE KEYS */;
UNLOCK TABLES;
/*!40103 SET TIME_ZONE=@OLD_TIME_ZONE */;

/*!40101 SET SQL_MODE=@OLD_SQL_MODE */;
/*!40014 SET FOREIGN_KEY_CHECKS=@OLD_FOREIGN_KEY_CHECKS */;
/*!40014 SET UNIQUE_CHECKS=@OLD_UNIQUE_CHECKS */;
/*!40101 SET CHARACTER_SET_CLIENT=@OLD_CHARACTER_SET_CLIENT */;
/*!40101 SET CHARACTER_SET_RESULTS=@OLD_CHARACTER_SET_RESULTS */;
/*!40101 SET COLLATION_CONNECTION=@OLD_COLLATION_CONNECTION */;
/*!40111 SET SQL_NOTES=@OLD_SQL_NOTES */;

-- Dump completed on 2013-02-01 18:38:00
